stimulus_id,word_position,word,word_clean,length,length_prev,length_prevprev,frequency,frequency_prev,frequency_prevprev,total_fixation_duration,skip_rate,surprisal_first3chars,surprisal_word,surprisal_word_prev,surprisal_word_prevprev
1,0,CNN,cnn,3.0,0.0,0.0,4.28,0.0,0.0,288.8125,0.0,8.930352473414084,9.361813321630011,0.0,0.0
1,1,wants,wants,5.0,3.0,0.0,5.24,4.28,0.0,512.375,0.21875,6.323332694474299,6.812131516276661,9.361813321630011,0.0
1,2,to,to,2.0,5.0,3.0,7.43,5.24,4.28,138.21875,0.78125,0.4556199988017759,0.4556199988017759,6.812131516276661,9.361813321630011
1,3,change,change,6.0,2.0,5.0,5.54,7.43,5.24,381.78125,0.0625,3.9826069099240407,4.222057400901733,0.4556199988017759,6.812131516276661
1,4,its,its,3.0,6.0,2.0,6.14,5.54,7.43,148.53125,0.625,2.346851360581681,2.3539749747554097,4.222057400901733,0.4556199988017759
1,5,viewers',viewers',8.0,3.0,6.0,4.22,6.14,5.54,637.0,0.03125,5.548002031722881,8.328008422796845,2.3539749747554097,4.222057400901733
1,6,habits.,habits,6.0,8.0,3.0,4.21,4.22,6.14,416.0625,0.28125,3.323878819208108,5.311567980155214,8.328008422796845,2.3539749747554097
2,0,Until,until,5.0,0.0,0.0,5.61,0.0,0.0,273.5625,0.03125,8.52795095440485,8.89293520815027,0.0,0.0
2,1,"now,",now,3.0,5.0,0.0,6.18,5.61,0.0,228.71875,0.46875,1.829558923138677,2.217825343411704,8.89293520815027,0.0
2,2,CNN,cnn,3.0,3.0,5.0,4.28,6.18,5.61,183.78125,0.375,8.155474970581928,8.347688383444591,2.217825343411704,8.89293520815027
2,3,has,has,3.0,3.0,3.0,6.37,4.28,6.18,182.53125,0.4375,0.6998238404898949,0.7284082551436128,8.347688383444591,2.217825343411704
2,4,featured,featured,8.0,3.0,3.0,4.44,6.37,4.28,365.6875,0.03125,6.395768619100306,6.442031473676185,0.7284082551436128,8.347688383444591
2,5,its,its,3.0,8.0,3.0,6.14,4.44,6.37,94.8125,0.65625,4.422416282954213,4.484857771234385,6.442031473676185,0.7284082551436128
2,6,Hollywood,hollywood,9.0,3.0,8.0,4.52,6.14,4.44,284.78125,0.0625,9.050648502840763,9.882591469266949,4.484857771234385,6.442031473676185
2,7,gossip,gossip,6.0,9.0,3.0,3.88,4.52,6.14,273.3125,0.125,5.024157170342754,5.119626741347098,9.882591469266949,4.484857771234385
2,8,show,show,4.0,6.0,9.0,5.68,3.88,4.52,271.78125,0.21875,2.7176387080902416,3.263604554800928,5.119626741347098,9.882591469266949
2,9,during,during,6.0,4.0,6.0,5.72,5.68,3.88,307.375,0.3125,6.687407260740571,6.689339500530302,3.263604554800928,5.119626741347098
2,10,the,the,3.0,6.0,4.0,7.73,5.72,5.68,127.6875,0.59375,1.5479148882558178,1.6075372284132854,6.689339500530302,3.263604554800928
2,11,key,key,3.0,3.0,6.0,5.12,7.73,5.72,209.4375,0.65625,8.530153157269979,8.802710230398958,1.6075372284132854,6.689339500530302
2,12,evening,evening,7.0,3.0,3.0,4.86,5.12,7.73,441.71875,0.03125,5.38497239354885,7.364909732899818,8.802710230398958,1.6075372284132854
2,13,period.,period,6.0,7.0,3.0,5.21,4.86,5.12,92.46875,0.59375,5.519639371802427,8.649743588746631,7.364909732899818,8.802710230398958
3,0,Some,some,4.0,0.0,0.0,6.2,0.0,0.0,304.75,0.0,6.449583440772301,6.940463415282197,0.0,0.0
3,1,in,in,2.0,4.0,0.0,7.27,6.2,0.0,188.28125,0.6875,6.0851231292006345,6.0851231292006345,6.940463415282197,0.0
3,2,the,the,3.0,2.0,4.0,7.73,7.27,6.2,115.53125,0.6875,0.6818178282126919,0.6998597487792004,6.0851231292006345,6.940463415282197
3,3,industry,industry,8.0,3.0,2.0,5.19,7.73,7.27,312.78125,0.0625,3.327776003700013,3.3951336204549563,0.6998597487792004,6.0851231292006345
3,4,are,are,3.0,8.0,3.0,6.74,5.19,7.73,270.9375,0.34375,1.8932442936055125,1.90811712918266,3.3951336204549563,0.6998597487792004
3,5,skeptical.,skeptical,9.0,3.0,8.0,3.68,6.74,5.19,300.53125,0.25,4.344298812937328,7.113115364015744,1.90811712918266,3.3951336204549563
4,0,When,when,4.0,0.0,0.0,6.37,0.0,0.0,261.21875,0.0,5.550011567597025,5.798663710379932,0.0,0.0
4,1,you,you,3.0,4.0,0.0,6.98,6.37,0.0,284.8125,0.65625,2.308529893775871,2.610237479873577,5.798663710379932,0.0
4,2,suggest,suggest,7.0,3.0,4.0,4.75,6.98,6.37,586.71875,0.09375,8.189344179084575,8.343560017606844,2.610237479873577,5.798663710379932
4,3,"otherwise,",otherwise,9.0,7.0,3.0,4.88,4.75,6.98,479.0625,0.125,4.997470784109929,6.764622756634768,8.343560017606844,2.610237479873577
4,4,you,you,3.0,9.0,7.0,6.98,4.88,4.75,100.5,0.75,1.4880001412828996,2.0825626348146677,6.764622756634768,8.343560017606844
4,5,leave,leave,5.0,3.0,9.0,5.34,6.98,4.88,396.96875,0.25,6.3817213991395185,6.685613173752042,2.0825626348146677,6.764622756634768
4,6,the,the,3.0,5.0,3.0,7.73,5.34,6.98,206.25,0.59375,2.333273169684425,2.5260865059456563,6.685613173752042,2.0825626348146677
4,7,realm,realm,5.0,3.0,5.0,4.06,7.73,5.34,365.125,0.1875,4.526165126266143,7.747921941099769,2.5260865059456563,6.685613173752042
4,8,of,of,2.0,5.0,3.0,7.4,4.06,7.73,101.96875,0.8125,0.4921498912995048,0.4921498912995048,7.747921941099769,2.5260865059456563
4,9,reporting,reporting,9.0,2.0,5.0,4.54,7.4,4.06,596.25,0.0625,7.113422728626368,10.648187144544032,0.4921498912995048,7.747921941099769
4,10,and,and,3.0,9.0,2.0,7.41,4.54,7.4,79.96875,0.78125,3.106843856153141,3.113898323015775,10.648187144544032,0.4921498912995048
4,11,enter,enter,5.0,3.0,9.0,4.81,7.41,4.54,396.8125,0.25,6.424429025463276,9.0207144215495,3.113898323015775,10.648187144544032
4,12,the,the,3.0,5.0,3.0,7.73,4.81,7.41,239.5625,0.5625,1.0148349460282162,1.02359888050772,9.0207144215495,3.113898323015775
4,13,orbit,orbit,5.0,3.0,5.0,4.03,7.73,4.81,457.4375,0.125,9.74174725384087,10.62566216352606,1.02359888050772,9.0207144215495
4,14,of,of,2.0,5.0,3.0,7.4,4.03,7.73,162.34375,0.6875,0.0403715364354013,0.0403715364354013,10.62566216352606,1.02359888050772
4,15,speculation.,speculation,11.0,2.0,5.0,3.99,7.4,4.03,603.40625,0.0625,5.9938996133447375,7.005211946407371,0.0403715364354013,10.62566216352606
5,0,Sunbelt,sunbelt,7.0,0.0,0.0,2.13,0.0,0.0,660.1875,0.03125,8.355976339628835,15.84361002974028,0.0,0.0
5,1,foreclosed,foreclosed,10.0,7.0,0.0,2.83,2.13,0.0,644.875,0.0,6.369039950228954,16.236977461908097,15.84361002974028,0.0
5,2,on,on,2.0,10.0,7.0,6.91,2.83,2.13,257.65625,0.46875,1.5533594320222193,1.5533594320222193,16.236977461908097,15.84361002974028
5,3,the,the,3.0,2.0,10.0,7.73,6.91,2.83,173.65625,0.40625,2.9651074160184123,3.1313548542030816,1.5533594320222193,16.236977461908097
5,4,ranch.,ranch,5.0,3.0,2.0,4.03,7.73,6.91,159.90625,0.375,7.0944013807761195,10.353267195890451,3.1313548542030816,1.5533594320222193
6,0,The,the,3.0,0.0,0.0,7.73,0.0,0.0,214.1875,0.03125,3.1110667518296595,3.2821558427250777,0.0,0.0
6,1,core,core,4.0,3.0,0.0,4.73,7.73,0.0,359.84375,0.46875,7.049720465119311,8.353021713004948,3.2821558427250777,0.0
6,2,rate,rate,4.0,4.0,3.0,5.14,4.73,7.73,435.46875,0.28125,7.9476703751989,9.623467983115743,8.353021713004948,3.2821558427250777
6,3,is,is,2.0,4.0,4.0,7.07,5.14,4.73,170.4375,0.6875,2.5269350811244564,2.5269350811244564,9.623467983115743,8.353021713004948
6,4,not,not,3.0,2.0,4.0,6.69,7.07,5.14,403.28125,0.125,4.4418434003188025,4.4793349566066745,2.5269350811244564,9.623467983115743
6,5,really,really,6.0,3.0,2.0,5.97,6.69,7.07,334.34375,0.21875,4.811105635685664,5.257875593412997,4.4793349566066745,2.5269350811244564
6,6,out,out,3.0,6.0,3.0,6.38,5.97,6.69,320.25,0.25,6.845637967946317,7.335163597314747,5.257875593412997,4.4793349566066745
6,7,of,of,2.0,3.0,6.0,7.4,6.38,5.97,170.59375,0.46875,0.2551023250247226,0.2551023250247226,7.335163597314747,5.257875593412997
6,8,line.,line,4.0,2.0,3.0,5.49,7.4,6.38,89.71875,0.59375,2.3913696606242354,4.874025530890755,0.2551023250247226,7.335163597314747
7,0,"Meanwhile,",meanwhile,9.0,0.0,0.0,4.48,0.0,0.0,416.875,0.0,8.179723534711293,9.168633182594162,0.0,0.0
7,1,the,the,3.0,9.0,0.0,7.73,4.48,0.0,122.1875,0.59375,1.7353754956659255,1.857777827254102,9.168633182594162,0.0
7,2,retail,retail,6.0,3.0,9.0,4.55,7.73,4.48,286.03125,0.3125,7.388165762347937,10.063697722356723,1.857777827254102,9.168633182594162
7,3,sales,sales,5.0,6.0,3.0,5.02,4.55,7.73,419.1875,0.125,3.863446416600276,4.020148858528447,10.063697722356723,1.857777827254102
7,4,report,report,6.0,5.0,6.0,5.32,5.02,4.55,441.21875,0.0625,5.529673087314826,6.659827724379792,4.020148858528447,10.063697722356723
7,5,showed,showed,6.0,6.0,5.0,4.86,5.32,5.02,341.3125,0.09375,1.8412935817080651,2.4634864735121553,6.659827724379792,4.020148858528447
7,6,that,that,4.0,6.0,6.0,7.01,4.86,5.32,180.4375,0.59375,0.9515461658664676,0.960247892841096,2.4634864735121553,6.659827724379792
7,7,car,car,3.0,4.0,6.0,5.45,7.01,4.86,178.59375,0.46875,7.0084766745505505,7.886883321342545,0.960247892841096,2.4634864735121553
7,8,sales,sales,5.0,3.0,4.0,5.02,5.45,7.01,276.4375,0.375,0.5208083588945129,0.5305317616029868,7.886883321342545,0.960247892841096
7,9,rose,rose,4.0,5.0,3.0,4.82,5.02,5.45,280.28125,0.21875,2.504508868784775,2.5109918822293196,0.5305317616029868,7.886883321342545
7,10,0.8%,NUM%,3.0,4.0,5.0,2.23,4.82,5.02,556.5,0.125,6.357571399938109,7.368298749744639,2.5109918822293196,0.5305317616029868
7,11,in,in,2.0,3.0,4.0,7.27,2.23,4.82,108.03125,0.8125,1.0913279525886497,1.0913279525886497,7.368298749744639,2.5109918822293196
7,12,September,september,9.0,2.0,3.0,5.15,7.27,2.23,433.5625,0.1875,3.7404770948676926,4.281847887486464,1.0913279525886497,7.368298749744639
7,13,to,to,2.0,9.0,2.0,7.43,5.15,7.27,112.75,0.71875,1.8908028902092584,1.8908028902092584,4.281847887486464,1.0913279525886497
7,14,$32.82,$NUM,5.0,2.0,9.0,0.89,7.43,5.15,799.5,0.125,6.40164260378026,13.954275755595203,1.8908028902092584,4.281847887486464
7,15,billion.,billion,7.0,5.0,2.0,4.75,0.89,7.43,124.03125,0.59375,0.0602954203207843,1.6343374717607588,13.954275755595203,1.8908028902092584
8,0,The,the,3.0,0.0,0.0,7.73,0.0,0.0,178.3125,0.03125,3.1110667518296595,3.2821558427250777,0.0,0.0
8,1,week's,week's,6.0,3.0,0.0,4.05,7.73,0.0,380.28125,0.34375,7.44742328104822,10.942487671443232,3.2821558427250777,0.0
8,2,total,total,5.0,6.0,3.0,5.21,4.05,7.73,463.25,0.125,7.793156918018431,8.028729019714172,10.942487671443232,3.2821558427250777
8,3,was,was,3.0,5.0,6.0,6.82,5.21,4.05,270.75,0.46875,3.958091576721163,3.9831885273196654,8.028729019714172,10.942487671443232
8,4,up,up,2.0,3.0,5.0,6.39,6.82,5.21,271.53125,0.4375,5.054861796339793,5.054861796339793,3.9831885273196654,8.028729019714172
8,5,6.2%,NUM%,3.0,2.0,3.0,3.64,6.39,6.82,833.03125,0.15625,7.00087721484261,8.458181287102704,5.054861796339793,3.9831885273196654
8,6,from,from,4.0,3.0,2.0,6.63,3.64,6.39,326.6875,0.375,1.2543826262605575,1.2547210490264715,8.458181287102704,5.054861796339793
8,7,"274,963",NUM,6.0,4.0,3.0,3.1,6.63,3.64,1310.09375,0.0,13.65584850135172,24.63490763983853,1.2547210490264715,8.458181287102704
8,8,tons,tons,4.0,6.0,4.0,4.46,3.1,6.63,464.59375,0.46875,8.472495372028774,9.401022893291,24.63490763983853,1.2547210490264715
8,9,a,a,1.0,4.0,6.0,7.36,4.46,3.1,158.3125,0.6875,5.692409601996275,5.247800004547059,9.401022893291,24.63490763983853
8,10,year,year,4.0,1.0,4.0,5.96,7.36,4.46,331.0,0.25,0.4446262351616923,0.4464269923124249,5.247800004547059,9.401022893291
8,11,earlier.,earlier,7.0,4.0,1.0,4.98,5.96,7.36,162.40625,0.375,1.5626812583651457,2.3942485862012717,0.4464269923124249,5.247800004547059
9,0,A,a,1.0,0.0,0.0,7.36,0.0,0.0,196.03125,0.0,8.468277783234395,4.037898283739537,0.0,0.0
9,1,Flemish,flemish,7.0,1.0,0.0,3.09,7.36,0.0,591.125,0.28125,9.973924602288491,12.34938459333302,4.037898283739537,0.0
9,2,game,game,4.0,7.0,1.0,5.72,3.09,7.36,446.625,0.125,6.182330183530567,6.4619251068356185,12.34938459333302,4.037898283739537
9,3,show,show,4.0,4.0,7.0,5.68,5.72,3.09,381.875,0.15625,3.9014558622090862,4.213804382336253,6.4619251068356185,12.34938459333302
9,4,has,has,3.0,4.0,4.0,6.37,5.68,5.72,405.25,0.5,2.6247810743367737,2.627938467292431,4.213804382336253,6.4619251068356185
9,5,as,as,2.0,3.0,4.0,6.77,6.37,5.68,440.09375,0.5625,9.317106159577587,9.317106159577587,2.627938467292431,4.213804382336253
9,6,its,its,3.0,2.0,3.0,6.14,6.77,6.37,383.9375,0.40625,1.0871035061682832,1.0878724692981834,9.317106159577587,2.627938467292431
9,7,host,host,4.0,3.0,2.0,4.77,6.14,6.77,397.46875,0.25,4.184654918242714,4.586469488077142,1.0878724692981834,9.317106159577587
9,8,a,a,1.0,4.0,3.0,7.36,4.77,6.14,127.84375,0.6875,6.206827224763224,1.366900758798053,4.586469488077142,1.0878724692981834
9,9,Belgian,belgian,7.0,1.0,4.0,3.82,7.36,4.77,506.125,0.15625,6.97632893293909,7.164147685967883,1.366900758798053,4.586469488077142
9,10,pretending,pretending,10.0,7.0,1.0,4.06,3.82,7.36,680.1875,0.0625,5.747688065477902,12.15508460052395,7.164147685967883,1.366900758798053
9,11,to,to,2.0,10.0,7.0,7.43,4.06,3.82,114.84375,0.71875,0.0496193943557159,0.0496193943557159,12.15508460052395,7.164147685967883
9,12,be,be,2.0,2.0,10.0,6.79,7.43,4.06,232.75,0.46875,0.2371304240975149,0.2371304240975149,0.0496193943557159,12.15508460052395
9,13,Italian.,italian,7.0,2.0,2.0,4.66,6.79,7.43,237.40625,0.3125,6.511515598287119,8.058965971991512,0.2371304240975149,0.0496193943557159
10,0,For,for,3.0,0.0,0.0,7.01,0.0,0.0,233.90625,0.0,5.339471091876144,5.628322115273463,0.0,0.0
10,1,the,the,3.0,3.0,0.0,7.73,7.01,0.0,89.28125,0.71875,1.86402525635636,1.9148625593404385,5.628322115273463,0.0
10,2,most,most,4.0,3.0,3.0,6.0,7.73,7.01,241.75,0.25,3.423939663992133,3.424839059797181,1.9148625593404385,5.628322115273463
10,3,"part,",part,4.0,4.0,3.0,5.78,6.0,7.73,90.78125,0.59375,0.0468588687851863,0.2572746863471202,3.424839059797181,1.9148625593404385
10,4,what's,what's,6.0,4.0,4.0,5.2,5.78,6.0,314.09375,0.375,5.498061504276311,7.952311198589566,0.2572746863471202,3.424839059797181
10,5,made,made,4.0,6.0,4.0,5.92,5.2,5.78,459.96875,0.09375,5.953595551962007,5.967561726491223,7.952311198589566,0.2572746863471202
10,6,here,here,4.0,4.0,6.0,5.97,5.92,5.2,369.375,0.34375,6.2740335954232975,7.896717398606924,5.967561726491223,7.952311198589566
10,7,stays,stays,5.0,4.0,4.0,4.26,5.97,5.92,391.28125,0.09375,6.768308879826208,8.377546811880492,7.896717398606924,5.967561726491223
10,8,"here,",here,4.0,5.0,4.0,5.97,4.26,5.97,167.25,0.40625,2.358574747746353,4.174553550790478,8.377546811880492,7.896717398606924
10,9,and,and,3.0,4.0,5.0,7.41,5.97,4.26,47.3125,1.0,1.5629105711018738,1.5683897796659068,4.174553550790478,8.377546811880492
10,10,for,for,3.0,3.0,4.0,7.01,7.41,5.97,274.40625,0.34375,4.214172283803407,4.249998751068269,1.5683897796659068,4.174553550790478
10,11,good,good,4.0,3.0,3.0,6.12,7.01,7.41,261.8125,0.125,3.4518960573635624,3.472792973922118,4.249998751068269,1.5683897796659068
10,12,reason.,reason,6.0,4.0,3.0,5.32,6.12,7.01,46.15625,0.71875,0.0773692084720494,0.4623094628218354,3.472792973922118,4.249998751068269
11,0,Most,most,4.0,0.0,0.0,6.0,0.0,0.0,290.625,0.03125,7.2372248086411055,7.375230901173179,0.0,0.0
11,1,British,british,7.0,4.0,0.0,5.18,6.0,0.0,352.5625,0.21875,6.910961745557094,7.363704163508508,7.375230901173179,0.0
11,2,programming,programming,11.0,7.0,4.0,4.37,5.18,6.0,440.96875,0.0625,5.291111718564032,11.052596846203,7.363704163508508,7.375230901173179
11,3,is,is,2.0,11.0,7.0,7.07,4.37,5.18,106.5,0.65625,1.395397928924087,1.395397928924087,11.052596846203,7.363704163508508
11,4,more,more,4.0,2.0,11.0,6.36,7.07,4.37,416.1875,0.34375,5.797789707953825,5.821137768115371,1.395397928924087,11.052596846203
11,5,of,of,2.0,4.0,2.0,7.4,6.36,7.07,126.8125,0.75,3.9085216780365,3.9085216780365,5.821137768115371,1.395397928924087
11,6,an,an,2.0,2.0,4.0,6.53,7.4,6.36,150.125,0.625,2.0075555181884894,2.0075555181884894,3.9085216780365,5.821137768115371
11,7,acquired,acquired,8.0,2.0,2.0,4.4,6.53,7.4,470.84375,0.03125,6.81823982428449,7.123655143739079,2.0075555181884894,3.9085216780365
11,8,taste.,taste,5.0,8.0,2.0,4.73,4.4,6.53,95.21875,0.6875,0.0317567996289653,1.4887736290695417,7.123655143739079,2.0075555181884894
12,0,The,the,3.0,0.0,0.0,7.73,0.0,0.0,203.375,0.0,3.1110667518296595,3.2821558427250777,0.0,0.0
12,1,venture's,venture's,9.0,3.0,0.0,1.73,7.73,0.0,418.625,0.1875,8.67489014795695,15.517255084671245,3.2821558427250777,0.0
12,2,importance,importance,10.0,9.0,3.0,4.56,1.73,7.73,522.75,0.0,6.9947397843842865,9.806867454651098,15.517255084671245,3.2821558427250777
12,3,for,for,3.0,10.0,9.0,7.01,4.56,1.73,72.03125,0.78125,3.6965022127980767,3.705859746651068,9.806867454651098,15.517255084671245
12,4,Thomson,thomson,7.0,3.0,10.0,3.78,7.01,4.56,471.125,0.0,7.818792182447162,9.790027799914457,3.705859746651068,9.806867454651098
12,5,is,is,2.0,7.0,3.0,7.07,3.78,7.01,83.375,0.78125,2.8578780698473025,2.8578780698473025,9.790027799914457,3.705859746651068
12,6,great.,great,5.0,2.0,7.0,5.88,7.07,3.78,151.3125,0.40625,5.406792657171195,7.351008256070713,2.8578780698473025,9.790027799914457
13,0,The,the,3.0,0.0,0.0,7.73,0.0,0.0,178.46875,0.03125,3.1110667518296595,3.2821558427250777,0.0,0.0
13,1,system,system,6.0,3.0,0.0,5.56,7.73,0.0,295.5,0.21875,7.703350345462079,7.899646850005052,3.2821558427250777,0.0
13,2,currently,currently,9.0,6.0,3.0,5.08,5.56,7.73,416.96875,0.15625,6.253186950429244,6.29690488696818,7.899646850005052,3.2821558427250777
13,3,has,has,3.0,9.0,6.0,6.37,5.08,5.56,217.28125,0.3125,2.674765496904527,2.688552194282579,6.29690488696818,7.899646850005052
13,4,a,a,1.0,3.0,9.0,7.36,6.37,5.08,73.9375,0.75,4.982472818115582,2.1575868695072273,2.688552194282579,6.29690488696818
13,5,capacity,capacity,8.0,1.0,3.0,4.71,7.36,6.37,264.65625,0.21875,4.999635418250037,5.547657482726379,2.1575868695072273,2.688552194282579
13,6,of,of,2.0,8.0,1.0,7.4,4.71,7.36,44.125,0.8125,0.1097037829660969,0.1097037829660969,5.547657482726379,2.1575868695072273
13,7,1.55,NUM,3.0,2.0,8.0,2.65,7.4,4.71,403.625,0.3125,5.1805357420379075,9.497915435935706,0.1097037829660969,5.547657482726379
13,8,million,million,7.0,3.0,2.0,5.33,2.65,7.4,489.625,0.21875,0.734095164088373,0.849356866746902,9.497915435935706,0.1097037829660969
13,9,barrels,barrels,7.0,7.0,3.0,3.83,5.33,2.65,484.46875,0.03125,3.8505081165573287,3.9439368773381176,0.849356866746902,9.497915435935706
13,10,a,a,1.0,7.0,7.0,7.36,3.83,5.33,94.25,0.65625,1.997206037291669,1.9710790652463712,3.9439368773381176,0.849356866746902
13,11,day.,day,3.0,1.0,7.0,5.95,7.36,3.83,87.9375,0.6875,0.0261619844686222,1.0923861593918645,1.9710790652463712,3.9439368773381176
14,0,On,on,2.0,0.0,0.0,6.91,0.0,0.0,226.46875,0.03125,5.834633703803073,5.834633703803073,0.0,0.0
14,1,the,the,3.0,2.0,0.0,7.73,6.91,0.0,172.46875,0.71875,2.1657214468547847,2.2024301039493244,5.834633703803073,0.0
14,2,other,other,5.0,3.0,2.0,6.16,7.73,6.91,320.4375,0.4375,2.4004489974212007,2.4053867508757403,2.2024301039493244,5.834633703803073
14,3,"hand,",hand,4.0,5.0,3.0,5.41,6.16,7.73,257.625,0.40625,0.1860803821701377,0.2626054935891151,2.4053867508757403,2.2024301039493244
14,4,the,the,3.0,4.0,5.0,7.73,5.41,6.16,151.875,0.65625,1.7163676335185605,2.1174616821567707,0.2626054935891151,2.4053867508757403
14,5,battle,battle,6.0,3.0,4.0,4.94,7.73,5.41,375.5625,0.1875,7.40775139415514,8.036881587718556,2.1174616821567707,0.2626054935891151
14,6,of,of,2.0,6.0,3.0,7.4,4.94,7.73,216.21875,0.6875,2.3006436362274556,2.3006436362274556,8.036881587718556,2.1174616821567707
14,7,the,the,3.0,2.0,6.0,7.73,7.4,4.94,365.6875,0.28125,1.619230171863407,1.653279202810026,2.3006436362274556,8.036881587718556
14,8,bus,bus,3.0,3.0,2.0,4.83,7.73,7.4,266.8125,0.5,7.093783079181733,9.330329522907892,1.653279202810026,2.3006436362274556
14,9,is,is,2.0,3.0,3.0,7.07,4.83,7.73,86.75,0.8125,2.0582731889144057,2.0582731889144057,9.330329522907892,1.653279202810026
14,10,expected,expected,8.0,2.0,3.0,4.96,7.07,4.83,574.75,0.03125,6.8269992242928055,7.683072314847244,2.0582731889144057,9.330329522907892
14,11,to,to,2.0,8.0,2.0,7.43,4.96,7.07,44.28125,0.90625,0.0256916505017912,0.0256916505017912,7.683072314847244,2.0582731889144057
14,12,grow,grow,4.0,2.0,8.0,4.9,7.43,4.96,345.46875,0.125,5.7783172222236345,5.840476548678929,0.0256916505017912,7.683072314847244
14,13,increasingly,increasingly,12.0,4.0,2.0,4.38,4.9,7.43,764.3125,0.0,2.9874186649908836,3.001829329686977,5.840476548678929,0.0256916505017912
14,14,irrelevant.,irrelevant,10.0,12.0,4.0,3.98,4.38,4.9,604.875,0.0625,6.988528784696413,9.660467534140864,3.001829329686977,5.840476548678929
15,0,But,but,3.0,0.0,0.0,6.63,0.0,0.0,191.0625,0.09375,6.012570777752334,6.10021684852423,0.0,0.0
15,1,they,they,4.0,3.0,0.0,6.5,6.63,0.0,258.25,0.46875,1.922783770020528,4.397494575952901,6.10021684852423,0.0
15,2,will,will,4.0,4.0,3.0,6.45,6.5,6.63,210.15625,0.5625,4.256319508805015,4.266066221109794,4.397494575952901,6.10021684852423
15,3,have,have,4.0,4.0,4.0,6.71,6.45,6.5,328.46875,0.21875,2.6389847932956965,2.640331271164131,4.266066221109794,4.397494575952901
15,4,to,to,2.0,4.0,4.0,7.43,6.71,6.45,146.5,0.59375,0.512305342032473,0.512305342032473,2.640331271164131,4.266066221109794
15,5,act,act,3.0,2.0,4.0,5.3,7.43,6.71,193.4375,0.21875,6.463087049218732,6.868962321030196,0.512305342032473,2.640331271164131
15,6,quickly.,quickly,7.0,3.0,2.0,5.0,5.3,7.43,154.96875,0.53125,1.4310277365730713,2.776075995318184,6.868962321030196,0.512305342032473
16,0,"Still,",still,5.0,0.0,0.0,5.92,0.0,0.0,341.78125,0.03125,7.018496806986295,12.097369597801896,0.0,0.0
16,1,even,even,4.0,5.0,0.0,5.99,5.92,0.0,384.40625,0.3125,4.225505766589464,4.416121382678597,12.097369597801896,0.0
16,2,that,that,4.0,4.0,5.0,7.01,5.99,5.92,297.4375,0.625,5.249519422190037,5.345289135168208,4.416121382678597,12.097369597801896
16,3,modest,modest,6.0,4.0,4.0,4.03,7.01,5.99,500.28125,0.03125,6.246017257095893,6.891001980966912,5.345289135168208,4.416121382678597
16,4,increase,increase,8.0,6.0,4.0,5.08,4.03,7.01,376.0625,0.125,3.2820162439365923,3.4128054537572474,6.891001980966912,5.345289135168208
16,5,is,is,2.0,8.0,6.0,7.07,5.08,4.03,78.09375,0.78125,1.9599945466308455,1.9599945466308455,3.4128054537572474,6.891001980966912
16,6,good,good,4.0,2.0,8.0,6.12,7.07,5.08,308.125,0.15625,5.380056663299179,5.402986118987911,1.9599945466308455,3.4128054537572474
16,7,news,news,4.0,4.0,2.0,5.44,6.12,7.07,217.9375,0.3125,0.1555294156053293,0.3259815509301447,5.402986118987911,1.9599945466308455
16,8,for,for,3.0,4.0,4.0,7.01,5.44,6.12,164.75,0.71875,0.0744975726229171,0.0750315223177082,0.3259815509301447,5.402986118987911
16,9,a,a,1.0,3.0,4.0,7.36,7.01,5.44,137.40625,0.71875,5.748488751816083,3.6717939096936263,0.0750315223177082,0.3259815509301447
16,10,state,state,5.0,1.0,3.0,5.78,7.36,7.01,253.9375,0.3125,3.868394604715256,4.359844900870549,3.6717939096936263,0.0750315223177082
16,11,that,that,4.0,5.0,1.0,7.01,5.78,7.36,238.375,0.59375,0.4833263340988765,0.5885676274465226,4.359844900870549,3.6717939096936263
16,12,hasn't,hasn't,6.0,4.0,5.0,4.71,7.01,5.78,226.21875,0.3125,1.0901879080033083,4.717669148695862,0.5885676274465226,4.359844900870549
16,13,grown,grown,5.0,6.0,4.0,4.67,4.71,7.01,293.84375,0.21875,6.212611828250083,6.240433840879902,4.717669148695862,0.5885676274465226
16,14,at,at,2.0,5.0,6.0,6.7,4.67,4.71,82.34375,0.78125,3.5610728660665387,3.5610728660665387,6.240433840879902,4.717669148695862
16,15,all,all,3.0,2.0,5.0,6.52,6.7,4.67,170.65625,0.5,1.17395669612943,1.3188098706173648,3.5610728660665387,6.240433840879902
16,16,since,since,5.0,3.0,2.0,5.75,6.52,6.7,264.75,0.28125,1.3611238215287074,1.3630121324244158,1.3188098706173648,3.5610728660665387
16,17,1981.,NUM,4.0,5.0,3.0,4.4,5.75,6.52,471.28125,0.0625,3.00296856568535,6.243867962682501,1.3630121324244158,1.3188098706173648
17,0,Mario,mario,5.0,0.0,0.0,4.23,0.0,0.0,368.75,0.0,6.436415013053132,10.479777189029951,0.0,0.0
17,1,"Gabelli,",gabelli,7.0,5.0,0.0,1.69,4.23,0.0,482.625,0.03125,7.515219895970677,13.529130203346842,10.479777189029951,0.0
17,2,for,for,3.0,7.0,5.0,7.01,1.69,4.23,82.625,0.8125,4.871998833543927,6.664156238942184,13.529130203346842,10.479777189029951
17,3,"instance,",instance,8.0,3.0,7.0,4.59,7.01,1.69,310.6875,0.03125,2.1818632145660395,2.2496917176477176,6.664156238942184,13.529130203346842
17,4,holds,holds,5.0,8.0,3.0,4.6,4.59,7.01,251.09375,0.3125,6.915906733153783,6.955222069866082,2.2496917176477176,6.664156238942184
17,5,cash,cash,4.0,5.0,8.0,4.92,4.6,4.59,311.21875,0.375,9.116704341153628,9.622854654335953,6.955222069866082,2.2496917176477176
17,6,positions,positions,9.0,4.0,5.0,4.63,4.92,4.6,317.75,0.125,8.28066702018937,9.017931288480511,9.622854654335953,6.955222069866082
17,7,well,well,4.0,9.0,4.0,6.03,4.63,4.92,173.5,0.5,8.191527953137829,8.225145221410664,9.017931288480511,9.622854654335953
17,8,above,above,5.0,4.0,9.0,5.2,6.03,4.63,265.65625,0.4375,1.6393077540451628,1.642125708678094,8.225145221410664,9.017931288480511
17,9,20%,NUM%,3.0,5.0,4.0,5.08,5.2,6.03,301.8125,0.28125,8.444062462576866,8.845351722527269,1.642125708678094,8.225145221410664
17,10,in,in,2.0,3.0,5.0,7.27,5.08,5.2,94.25,0.78125,2.1449600095328947,2.1449600095328947,8.845351722527269,1.642125708678094
17,11,several,several,7.0,2.0,3.0,5.39,7.27,5.08,395.5625,0.25,4.600610139759965,4.6499340900787445,2.1449600095328947,8.845351722527269
17,12,of,of,2.0,7.0,2.0,7.4,5.39,7.27,72.84375,0.6875,2.5501954821498316,2.5501954821498316,4.6499340900787445,2.1449600095328947
17,13,his,his,3.0,2.0,7.0,6.51,7.4,5.39,167.34375,0.5625,1.4550638586662643,1.4557364295664854,2.5501954821498316,4.6499340900787445
17,14,funds.,funds,5.0,3.0,2.0,4.74,6.51,7.4,92.34375,0.71875,6.352144453327483,8.640778997450141,1.4557364295664854,2.5501954821498316
18,0,About,about,5.0,0.0,0.0,6.4,0.0,0.0,405.40625,0.0,6.948995550719724,7.290268750217589,0.0,0.0
18,1,40%,NUM%,3.0,5.0,0.0,4.82,6.4,0.0,469.3125,0.1875,9.074657479827785,9.087310204384778,7.290268750217589,0.0
18,2,don't,don't,5.0,3.0,5.0,6.2,4.82,6.4,482.28125,0.25,9.361316716138363,9.615638859742004,9.087310204384778,7.290268750217589
18,3,feel,feel,4.0,5.0,3.0,5.67,6.2,4.82,441.75,0.40625,4.816582249444799,4.848697524713071,9.615638859742004,9.087310204384778
18,4,they're,they're,7.0,4.0,5.0,5.47,5.67,6.2,632.3125,0.1875,1.6457508044418887,4.567812414685498,4.848697524713071,9.615638859742004
18,5,more,more,4.0,7.0,4.0,6.36,5.47,5.67,569.3125,0.1875,6.743516892655386,7.052905593720752,4.567812414685498,4.848697524713071
18,6,able,able,4.0,4.0,7.0,5.43,6.36,5.47,393.46875,0.3125,5.208675010805855,5.229556138523812,7.052905593720752,4.567812414685498
18,7,than,than,4.0,4.0,4.0,6.13,5.43,6.36,387.0,0.1875,2.2399334159440443,2.243307835052782,5.229556138523812,7.052905593720752
18,8,others.,others,6.0,4.0,4.0,5.42,6.13,5.43,202.09375,0.40625,0.3116098550967479,3.35365596787576,2.243307835052782,5.229556138523812
19,0,About,about,5.0,0.0,0.0,6.4,0.0,0.0,269.28125,0.03125,6.948995550719724,7.290268750217589,0.0,0.0
19,1,54%,NUM%,3.0,5.0,0.0,4.73,6.4,0.0,470.46875,0.21875,10.594350373967284,10.613474055592016,7.290268750217589,0.0
19,2,are,are,3.0,3.0,5.0,6.74,4.73,6.4,267.71875,0.59375,5.304315095717733,5.312861548250648,10.613474055592016,7.290268750217589
19,3,"women,",women,5.0,3.0,3.0,5.57,6.74,4.73,234.0625,0.34375,2.855128353114143,3.9879292582861545,5.312861548250648,10.613474055592016
19,4,and,and,3.0,5.0,3.0,7.41,5.57,6.74,134.15625,0.65625,2.037349910086487,2.0400917481772787,3.9879292582861545,5.312861548250648
19,5,44%,NUM%,3.0,3.0,5.0,4.82,7.41,5.57,417.375,0.46875,4.527761823576821,4.532999300494328,2.0400917481772787,3.9879292582861545
19,6,are,are,3.0,3.0,3.0,6.74,4.82,7.41,222.09375,0.625,0.2501738730414189,0.2522391824069103,4.532999300494328,2.0400917481772787
19,7,part-time,part-time,9.0,3.0,3.0,5.66,6.74,4.82,496.28125,0.03125,7.147706538027464,10.529806131970387,0.2522391824069103,4.532999300494328
19,8,students.,students,8.0,9.0,3.0,5.25,5.66,6.74,118.875,0.53125,4.851766992383517,5.460624499323863,10.529806131970387,0.2522391824069103
20,0,It,it,2.0,0.0,0.0,6.95,0.0,0.0,191.8125,0.0625,5.227143642784391,5.227143642784391,0.0,0.0
20,1,would,would,5.0,2.0,0.0,6.27,6.95,0.0,371.71875,0.46875,3.5534956650888985,3.657378078501007,5.227143642784391,0.0
20,2,open,open,4.0,5.0,2.0,5.48,6.27,6.95,416.65625,0.28125,7.558991868598191,7.62494577601775,3.657378078501007,5.227143642784391
20,3,a,a,1.0,4.0,5.0,7.36,5.48,6.27,112.75,0.71875,4.967036376436152,1.7751949206874542,7.62494577601775,3.657378078501007
20,4,can,can,3.0,1.0,4.0,6.46,7.36,5.48,270.5625,0.25,7.066731041727383,7.919058275419847,1.7751949206874542,7.62494577601775
20,5,of,of,2.0,3.0,1.0,7.4,6.46,7.36,108.125,0.5625,0.0409391743133085,0.0409391743133085,7.919058275419847,1.7751949206874542
20,6,worms.,worms,5.0,2.0,3.0,3.78,7.4,6.46,148.6875,0.40625,0.1991510392311788,2.4111933777383143,0.0409391743133085,7.919058275419847
21,0,And,and,3.0,0.0,0.0,7.41,0.0,0.0,207.0625,0.0,6.092679505694077,6.3305192369914725,0.0,0.0
21,1,the,the,3.0,3.0,0.0,7.73,7.41,0.0,109.53125,0.78125,2.0626008901700477,3.0792076668188404,6.3305192369914725,0.0
21,2,local,local,5.0,3.0,3.0,5.43,7.73,7.41,213.5,0.25,7.222392282775067,7.8621995600647185,3.0792076668188404,6.3305192369914725
21,3,expression,expression,10.0,5.0,3.0,4.55,5.43,7.73,373.375,0.03125,6.470248458556227,10.233828047141984,7.8621995600647185,3.0792076668188404
21,4,for,for,3.0,10.0,5.0,7.01,4.55,5.43,93.46875,0.75,2.7893594071410917,2.8159908528220967,10.233828047141984,7.8621995600647185
21,5,brother,brother,7.0,3.0,10.0,5.11,7.01,4.55,372.1875,0.125,8.432434821485998,12.993894073878684,2.8159908528220967,10.233828047141984
21,6,is,is,2.0,7.0,3.0,7.07,5.11,7.01,89.6875,0.8125,2.297453340925898,2.297453340925898,12.993894073878684,2.8159908528220967
21,7,"brah,",brah,4.0,2.0,7.0,3.0,7.07,5.11,422.4375,0.09375,5.949085466971766,16.744327224132668,2.297453340925898,12.993894073878684
21,8,not,not,3.0,4.0,2.0,6.69,3.0,7.07,159.46875,0.6875,3.9486818964121255,3.9695346830374234,16.744327224132668,2.297453340925898
21,9,bruddah.,bruddah,7.0,3.0,4.0,1.57,6.69,3.0,675.46875,0.0,1.5599247364685311,14.568836547549964,3.9695346830374234,16.744327224132668
22,0,"Sorry,",sorry,5.0,0.0,0.0,5.18,0.0,0.0,273.65625,0.03125,8.312134176245934,9.72772080769302,0.0,0.0
22,1,the,the,3.0,5.0,0.0,7.73,5.18,0.0,149.1875,0.65625,1.6953628400291,2.424338919536467,9.72772080769302,0.0
22,2,show,show,4.0,3.0,5.0,5.68,7.73,5.18,304.8125,0.1875,6.559470875367687,7.920722489632698,2.424338919536467,9.72772080769302
22,3,does,does,4.0,4.0,3.0,5.74,5.68,7.73,275.65625,0.21875,3.311957781167973,4.681568845109059,7.920722489632698,2.424338919536467
22,4,not,not,3.0,4.0,4.0,6.69,5.74,5.68,261.4375,0.34375,0.0170914635945038,0.0186695060398491,4.681568845109059,7.920722489632698
22,5,even,even,4.0,3.0,4.0,5.99,6.69,5.74,320.625,0.3125,7.773782134467698,7.849060358713171,0.0186695060398491,4.681568845109059
22,6,have,have,4.0,4.0,3.0,6.71,5.99,6.69,272.1875,0.3125,1.642549719678961,1.6446306668733897,7.849060358713171,0.0186695060398491
22,7,the,the,3.0,4.0,4.0,7.73,6.71,5.99,147.6875,0.6875,2.443831144270142,2.4775081088131614,1.6446306668733897,7.849060358713171
22,8,one,one,3.0,3.0,4.0,6.47,7.73,6.71,267.25,0.375,6.491280130462663,6.7665388942924665,2.4775081088131614,1.6446306668733897
22,9,redeeming,redeeming,9.0,3.0,3.0,3.01,6.47,7.73,406.9375,0.03125,7.447705933958737,9.515890805015452,6.7665388942924665,2.4775081088131614
22,10,quality,quality,7.0,9.0,3.0,5.11,3.01,6.47,310.09375,0.25,4.45047003064451,5.087627412523858,9.515890805015452,6.7665388942924665
22,11,of,of,2.0,7.0,9.0,7.4,5.11,3.01,58.53125,0.8125,2.443766290181443,2.443766290181443,5.087627412523858,9.515890805015452
22,12,genuine,genuine,7.0,2.0,7.0,4.37,7.4,5.11,549.90625,0.03125,7.771834954939372,8.679623143823797,2.443766290181443,5.087627412523858
22,13,local,local,5.0,7.0,2.0,5.43,4.37,7.4,457.5625,0.03125,7.691714870478066,7.96834849639302,8.679623143823797,2.443766290181443
22,14,color.,color,5.0,5.0,7.0,4.91,5.43,4.37,162.03125,0.40625,6.64309909114931,9.97256275108903,7.96834849639302,8.679623143823797
23,0,Opponents,opponents,9.0,0.0,0.0,4.23,0.0,0.0,533.125,0.0,9.28074173464865,10.027574968798852,0.0,0.0
23,1,of,of,2.0,9.0,0.0,7.4,4.23,0.0,156.75,0.75,0.4304437842662576,0.4304437842662576,10.027574968798852,0.0
23,2,the,the,3.0,2.0,9.0,7.73,7.4,4.23,268.5625,0.375,1.244435036581093,1.25355265651665,0.4304437842662576,10.027574968798852
23,3,cut,cut,3.0,3.0,2.0,5.24,7.73,7.4,359.125,0.25,7.5104861147209405,9.476998839048246,1.25355265651665,0.4304437842662576
23,4,are,are,3.0,3.0,3.0,6.74,5.24,7.73,179.71875,0.5625,2.518557139234737,2.5329254303865696,9.476998839048246,1.25355265651665
23,5,playing,playing,7.0,3.0,3.0,5.37,6.74,5.24,487.875,0.0625,5.047731759954576,6.336219309343026,2.5329254303865696,9.476998839048246
23,6,hardball.,hardball,8.0,7.0,3.0,2.76,5.37,6.74,335.21875,0.21875,4.378408481015725,6.006166549196401,6.336219309343026,2.5329254303865696
24,0,Your,your,4.0,0.0,0.0,6.53,0.0,0.0,229.59375,0.03125,5.107604857099633,7.037738432923856,0.0,0.0
24,1,paper,paper,5.0,4.0,0.0,5.07,6.53,0.0,346.75,0.1875,8.586133349645266,9.049089193146862,7.037738432923856,0.0
24,2,needs,needs,5.0,5.0,4.0,5.37,5.07,6.53,318.4375,0.21875,5.444208949057089,5.536753234062065,9.049089193146862,7.037738432923856
24,3,a,a,1.0,5.0,5.0,7.36,5.37,5.07,74.09375,0.75,4.91413349382379,2.7999607491916656,5.536753234062065,9.049089193146862
24,4,serious,serious,7.0,1.0,5.0,5.1,7.36,5.37,377.25,0.03125,6.077954323952238,7.84493699689407,2.7999607491916656,5.536753234062065
24,5,reality,reality,7.0,7.0,1.0,4.89,5.1,7.36,349.34375,0.09375,4.224989085519809,11.568574217400029,7.84493699689407,2.7999607491916656
24,6,check.,check,5.0,7.0,7.0,5.31,4.89,5.1,118.5,0.5,0.031753705918966,0.9633329691701108,11.568574217400029,7.84493699689407
25,0,Columbia,columbia,8.0,0.0,0.0,4.4,0.0,0.0,415.625,0.0,7.054281329432405,11.832257769197325,0.0,0.0
25,1,Savings,savings,7.0,8.0,0.0,4.44,4.4,0.0,310.1875,0.09375,8.860240805519577,9.664238796185735,11.832257769197325,0.0
25,2,officials,officials,9.0,7.0,8.0,4.68,4.44,4.4,303.15625,0.0625,8.779427935930379,12.02163781624668,9.664238796185735,11.832257769197325
25,3,weren't,weren't,7.0,9.0,7.0,4.68,4.68,4.44,322.28125,0.15625,3.7941366053241055,7.908455827596015,12.02163781624668,9.664238796185735
25,4,available,available,9.0,7.0,9.0,5.28,4.68,4.68,328.125,0.09375,4.762725440578116,4.773065248907642,7.908455827596015,12.02163781624668
25,5,for,for,3.0,9.0,7.0,7.01,5.28,4.68,68.90625,0.78125,0.4059878233095517,0.4060238789780257,4.773065248907642,7.908455827596015
25,6,comment,comment,7.0,3.0,9.0,4.88,7.01,5.28,315.25,0.1875,0.1231633444265014,0.58266700576565,0.4060238789780257,4.773065248907642
25,7,on,on,2.0,7.0,3.0,6.91,4.88,7.01,77.21875,0.78125,1.5166648418292894,1.5166648418292894,0.58266700576565,0.4060238789780257
25,8,the,the,3.0,2.0,7.0,7.73,6.91,4.88,149.78125,0.59375,1.3131998378271987,1.3483278137052397,1.5166648418292894,0.58266700576565
25,9,downgrade.,downgrade,9.0,3.0,2.0,3.23,7.73,6.91,321.0,0.15625,8.484213086679304,10.498553836534526,1.3483278137052397,1.5166648418292894
26,0,"Now,",now,3.0,0.0,0.0,6.18,0.0,0.0,252.875,0.0,6.600683830858333,8.499281942684629,0.0,0.0
26,1,as,as,2.0,3.0,0.0,6.77,6.18,0.0,228.71875,0.59375,3.5156846084864313,3.5156846084864313,8.499281942684629,0.0
26,2,in,in,2.0,2.0,3.0,7.27,6.77,6.18,253.9375,0.65625,4.2821358417393185,4.2821358417393185,3.5156846084864313,8.499281942684629
26,3,those,those,5.0,2.0,2.0,5.9,7.27,6.77,444.5625,0.28125,5.875019365485873,6.005259536244807,4.2821358417393185,3.5156846084864313
26,4,two,two,3.0,5.0,2.0,6.1,5.9,7.27,172.59375,0.3125,4.449103367760891,4.466525703369474,6.005259536244807,4.2821358417393185
26,5,"years,",years,5.0,3.0,5.0,5.96,6.1,5.9,212.5,0.46875,2.314781077794521,3.2988879305633603,4.466525703369474,6.005259536244807
26,6,her,her,3.0,5.0,3.0,6.3,5.96,6.1,192.84375,0.46875,5.842024841184269,7.045450377798602,3.2988879305633603,4.466525703369474
26,7,stock,stock,5.0,3.0,5.0,4.93,6.3,5.96,295.21875,0.21875,4.7498511612516765,7.630446663361632,7.045450377798602,3.2988879305633603
26,8,market,market,6.0,5.0,3.0,5.29,4.93,6.3,298.59375,0.21875,2.9386660279703065,2.977948539685201,7.630446663361632,7.045450377798602
26,9,indicators,indicators,10.0,6.0,5.0,3.83,5.29,4.93,472.6875,0.0,4.164545929753395,9.019665440661411,2.977948539685201,7.630446663361632
26,10,are,are,3.0,10.0,6.0,6.74,3.83,5.29,124.53125,0.5,1.7679158111449595,1.8043417205027128,9.019665440661411,2.977948539685201
26,11,positive.,positive,8.0,3.0,10.0,4.99,6.74,3.83,245.8125,0.25,6.057818109138452,7.694379980538002,1.8043417205027128,9.019665440661411
27,0,As,as,2.0,0.0,0.0,6.77,0.0,0.0,227.8125,0.0,5.658921022988032,5.658921022988032,0.0,0.0
27,1,she,she,3.0,2.0,0.0,6.26,6.77,0.0,222.96875,0.71875,5.292472148773849,5.319942793534602,5.658921022988032,0.0
27,2,calculates,calculates,10.0,3.0,2.0,3.1,6.26,6.77,605.3125,0.0625,6.120456548297982,10.428903280312754,5.319942793534602,5.658921022988032
27,3,"it,",it,2.0,10.0,3.0,6.95,3.1,6.26,124.25,0.625,5.38558565897528,5.3884718261996625,10.428903280312754,5.319942793534602
27,4,the,the,3.0,2.0,10.0,7.73,6.95,3.1,166.59375,0.59375,1.6818777851485294,1.8612758371975389,5.3884718261996625,10.428903280312754
27,5,average,average,7.0,3.0,2.0,5.16,7.73,6.95,405.25,0.0625,4.317203243287658,4.32358158271802,1.8612758371975389,5.3884718261996625
27,6,stock,stock,5.0,7.0,3.0,4.93,5.16,7.73,336.75,0.34375,7.098482054242943,8.617918783941533,4.32358158271802,1.8612758371975389
27,7,now,now,3.0,5.0,7.0,6.18,4.93,5.16,405.34375,0.09375,9.787481872747556,9.813376635393,8.617918783941533,4.32358158271802
27,8,sells,sells,5.0,3.0,5.0,4.09,6.18,4.93,294.34375,0.1875,3.0614757604291896,3.0854681332555103,9.813376635393,8.617918783941533
27,9,for,for,3.0,5.0,3.0,7.01,4.09,6.18,84.53125,0.6875,0.1463711168432055,0.1471156144325789,3.0854681332555103,9.813376635393
27,10,about,about,5.0,3.0,5.0,6.4,7.01,4.09,336.84375,0.28125,2.396747880252086,2.3989607083476017,0.1471156144325789,3.0854681332555103
27,11,12.5,NUM,3.0,5.0,3.0,2.71,6.4,7.01,411.0,0.34375,9.227195772386068,10.40264528549271,2.3989607083476017,0.1471156144325789
27,12,times,times,5.0,3.0,5.0,5.56,2.71,6.4,647.875,0.21875,1.414239177278276,1.4225156055565549,10.40264528549271,2.3989607083476017
27,13,companies',companies',10.0,5.0,3.0,5.18,5.56,2.71,850.59375,0.03125,8.322219273267706,13.808674362098756,1.4225156055565549,10.40264528549271
27,14,earnings.,earnings,8.0,10.0,5.0,4.27,5.18,5.56,350.375,0.15625,2.7588730468547453,3.8620828796453424,13.808674362098756,1.4225156055565549
28,0,There,there,5.0,0.0,0.0,6.31,0.0,0.0,405.1875,0.03125,3.1110667518296595,5.813671367285481,0.0,0.0
28,1,was,was,3.0,5.0,0.0,6.82,6.31,0.0,269.5625,0.5625,2.257845137810315,2.2912611442326716,5.813671367285481,0.0
28,2,tremendous,tremendous,10.0,3.0,5.0,4.07,6.82,6.31,573.09375,0.03125,7.753652896104178,7.9458623116700196,2.2912611442326716,5.813671367285481
28,3,public,public,6.0,10.0,3.0,5.57,4.07,6.82,337.375,0.15625,4.420168675635534,4.706381651204051,7.9458623116700196,2.2912611442326716
28,4,enthusiasm,enthusiasm,10.0,6.0,10.0,4.02,5.57,4.07,402.96875,0.0625,4.754390055028676,4.787398940703952,4.706381651204051,7.9458623116700196
28,5,for,for,3.0,10.0,6.0,7.01,4.02,5.57,99.5,0.75,0.6172663942199854,0.6192705425675307,4.787398940703952,4.706381651204051
28,6,stock,stock,5.0,3.0,10.0,4.93,7.01,4.02,364.53125,0.09375,7.536433371973331,10.99034056624344,0.6192705425675307,4.787398940703952
28,7,mutual,mutual,6.0,5.0,3.0,4.26,4.93,7.01,449.25,0.03125,6.2881018111761335,6.315040427446057,10.99034056624344,0.6192705425675307
28,8,funds.,funds,5.0,6.0,5.0,4.74,4.26,4.93,102.28125,0.625,0.022800555085034,2.778241324483851,6.315040427446057,10.99034056624344
29,0,I,i,1.0,0.0,0.0,7.09,0.0,0.0,135.21875,0.3125,7.617925810878996,4.265033475730419,0.0,0.0
29,1,guess,guess,5.0,1.0,0.0,5.17,7.09,0.0,177.5,0.4375,5.50932991226418,5.531533621637678,4.265033475730419,0.0
29,2,that's,that's,6.0,5.0,1.0,5.86,5.17,7.09,281.3125,0.28125,2.50111411387787,3.341269999913214,5.531533621637678,4.265033475730419
29,3,my,my,2.0,6.0,5.0,6.57,5.86,5.17,206.46875,0.21875,4.065696291412463,4.065696291412463,3.341269999913214,5.531533621637678
29,4,forecast.,forecast,8.0,2.0,6.0,4.09,6.57,5.86,162.71875,0.28125,6.551927077824146,11.467388379542438,4.065696291412463,3.341269999913214
30,0,Unlike,unlike,6.0,0.0,0.0,4.57,0.0,0.0,386.9375,0.03125,8.150739383665105,9.041948103482206,0.0,0.0
30,1,"1987,",NUM,4.0,6.0,0.0,4.45,4.57,0.0,538.90625,0.03125,9.187739465430136,12.379226403177483,9.041948103482206,0.0
30,2,interest,interest,8.0,4.0,6.0,5.17,4.45,4.57,388.25,0.09375,8.432558138151457,10.708192148473628,12.379226403177483,9.041948103482206
30,3,rates,rates,5.0,8.0,4.0,4.88,5.17,4.45,152.75,0.375,1.5595371015788544,1.6635392473984325,10.708192148473628,12.379226403177483
30,4,have,have,4.0,5.0,8.0,6.71,4.88,5.17,227.09375,0.375,1.4253962804585996,1.5110935184876553,1.6635392473984325,10.708192148473628
30,5,been,been,4.0,4.0,5.0,6.27,6.71,4.88,169.9375,0.375,1.5782678595286868,1.579158223545214,1.5110935184876553,1.6635392473984325
30,6,falling,falling,7.0,4.0,4.0,4.66,6.27,6.71,269.34375,0.28125,4.04287321855368,4.123833802498879,1.579158223545214,1.5110935184876553
30,7,this,this,4.0,7.0,4.0,6.82,4.66,6.27,173.34375,0.25,5.245662495491921,5.251110049778347,4.123833802498879,1.579158223545214
30,8,year.,year,4.0,4.0,7.0,5.96,6.82,4.66,64.09375,0.75,0.1490674553701865,1.4587644053215811,5.251110049778347,4.123833802498879
31,0,Unlike,unlike,6.0,0.0,0.0,4.57,0.0,0.0,422.03125,0.0,8.150739383665105,9.041948103482206,0.0,0.0
31,1,"1987,",NUM,4.0,6.0,0.0,4.45,4.57,0.0,438.5625,0.125,9.187739465430136,12.379226403177483,9.041948103482206,0.0
31,2,the,the,3.0,4.0,6.0,7.73,4.45,4.57,168.0,0.75,1.892138934149127,2.203477303352411,12.379226403177483,9.041948103482206
31,3,dollar,dollar,6.0,3.0,4.0,4.59,7.73,4.45,249.84375,0.125,9.13317912578066,9.90042063355843,2.203477303352411,12.379226403177483
31,4,has,has,3.0,6.0,3.0,6.37,4.59,7.73,169.6875,0.75,1.342233518464596,1.4047312805887842,9.90042063355843,2.203477303352411
31,5,been,been,4.0,3.0,6.0,6.27,6.37,4.59,398.46875,0.09375,2.222547654370537,2.223792770055546,1.4047312805887842,9.90042063355843
31,6,strong.,strong,6.0,4.0,3.0,5.22,6.27,6.37,109.71875,0.65625,4.64632660677394,9.69866060330584,2.223792770055546,1.4047312805887842
32,0,"Thus,",thus,4.0,0.0,0.0,4.91,0.0,0.0,248.28125,0.03125,8.342967205397164,11.203845131658117,0.0,0.0
32,1,he,he,2.0,4.0,0.0,6.69,4.91,0.0,126.90625,0.65625,4.548981772148608,4.548981772148608,11.203845131658117,0.0
32,2,"concludes,",concludes,9.0,2.0,4.0,3.76,6.69,4.91,372.25,0.0625,3.7598735770780394,6.634624036966002,4.548981772148608,11.203845131658117
32,4,is,is,2.0,0.0,9.0,7.07,0.0,3.76,138.90625,0.6875,1.652297414935305,1.652297414935305,0.0,6.634624036966002
32,5,not,not,3.0,2.0,0.0,6.69,7.07,0.0,295.84375,0.375,2.006863531700205,2.0432067713914535,1.652297414935305,0.0
32,6,a,a,1.0,3.0,2.0,7.36,6.69,7.07,58.59375,0.8125,4.728347241616888,1.3480751612749344,2.0432067713914535,1.652297414935305
32,7,good,good,4.0,1.0,3.0,6.12,7.36,6.69,216.8125,0.40625,4.710863206934498,4.7254848219889,1.3480751612749344,2.0432067713914535
32,8,environment,environment,11.0,4.0,1.0,4.87,6.12,7.36,378.09375,0.09375,8.26759887300306,8.520954320285199,4.7254848219889,1.3480751612749344
32,9,to,to,2.0,11.0,4.0,7.43,4.87,6.12,51.78125,0.84375,1.952943405047975,1.952943405047975,8.520954320285199,4.7254848219889
32,10,be,be,2.0,2.0,11.0,6.79,7.43,4.87,151.21875,0.6875,2.5512332997062046,2.5512332997062046,1.952943405047975,8.520954320285199
32,11,fully,fully,5.0,2.0,2.0,4.89,6.79,7.43,276.84375,0.34375,7.83339547781074,8.440250993028165,2.5512332997062046,1.952943405047975
32,12,"invested""",invested,8.0,5.0,2.0,4.19,4.89,6.79,460.65625,0.03125,2.5500955702649435,10.21951702302318,8.440250993028165,2.5512332997062046
32,13,in,in,2.0,8.0,5.0,7.27,4.19,4.89,166.28125,0.5625,0.4114908487976549,0.4114908487976549,10.21951702302318,8.440250993028165
32,14,stocks.,stocks,6.0,2.0,8.0,4.28,7.27,4.19,154.1875,0.34375,7.072577535945271,9.332641810123832,0.4114908487976549,10.21951702302318
33,0,This,this,4.0,0.0,0.0,6.82,0.0,0.0,241.0,0.0,4.784374885908639,4.86083295500292,0.0,0.0
33,1,has,has,3.0,4.0,0.0,6.37,6.82,0.0,318.125,0.53125,5.60110814005938,5.627879289910314,4.86083295500292,0.0
33,2,both,both,4.0,3.0,4.0,5.79,6.37,6.82,323.96875,0.375,7.8221430686062305,8.03277418843376,5.627879289910314,4.86083295500292
33,3,made,made,4.0,4.0,3.0,5.92,5.79,6.37,327.28125,0.1875,5.518058757255261,5.537192486981624,8.03277418843376,5.627879289910314
33,4,investors,investors,9.0,4.0,4.0,4.34,5.92,5.79,391.90625,0.03125,7.925808582050145,9.667609574109749,5.537192486981624,8.03277418843376
33,5,uneasy,uneasy,6.0,9.0,4.0,3.45,4.34,5.92,315.96875,0.125,5.265434152734635,5.37550604981125,9.667609574109749,5.537192486981624
33,6,and,and,3.0,6.0,9.0,7.41,3.45,4.34,58.25,0.78125,0.2695404231603788,0.2822666266656526,5.37550604981125,9.667609574109749
33,7,the,the,3.0,3.0,6.0,7.73,7.41,3.45,118.3125,0.6875,4.495795651230914,4.904856746088669,0.2822666266656526,5.37550604981125
33,8,corporations,corporations,12.0,3.0,3.0,4.17,7.73,7.41,439.34375,0.0,6.235168942448766,8.929107321780428,4.904856746088669,0.2822666266656526
33,9,more,more,4.0,12.0,3.0,6.36,4.17,7.73,262.6875,0.3125,5.68075278878176,5.692897809849086,8.929107321780428,4.904856746088669
33,10,vulnerable.,vulnerable,10.0,4.0,12.0,4.21,6.36,4.17,305.46875,0.09375,5.0008947602782925,5.830852005269428,5.692897809849086,8.929107321780428
34,0,I,i,1.0,0.0,0.0,7.09,0.0,0.0,93.25,0.53125,7.004307437008146,4.265033475730419,0.0,0.0
34,1,thought,thought,7.0,1.0,0.0,5.59,7.09,0.0,312.4375,0.125,4.732109799006862,4.76257123425829,4.265033475730419,0.0
34,2,your,your,4.0,7.0,1.0,6.53,5.59,7.09,211.21875,0.5,3.6345461148950737,6.4728520858383725,4.76257123425829,4.265033475730419
34,3,editorial,editorial,9.0,4.0,7.0,4.11,6.53,5.59,433.78125,0.03125,7.138792695444463,8.739682430588745,6.4728520858383725,4.76257123425829
34,4,was,was,3.0,9.0,4.0,6.82,4.11,6.53,167.25,0.53125,1.1297755025040672,1.1451544551707578,8.739682430588745,6.4728520858383725
34,5,factually,factually,9.0,3.0,9.0,2.81,6.82,4.11,607.75,0.0625,8.643647963605584,10.374898325935847,1.1451544551707578,8.739682430588745
34,6,accurate,accurate,8.0,9.0,3.0,4.57,2.81,6.82,458.8125,0.125,2.9415748212363653,4.28469904197717,10.374898325935847,1.1451544551707578
34,7,and,and,3.0,8.0,9.0,7.41,4.57,2.81,62.0,0.75,1.640672900086841,1.6497246912222892,4.28469904197717,10.374898325935847
34,8,deliberately,deliberately,12.0,3.0,8.0,4.02,7.41,4.57,629.15625,0.0,7.335099661527771,9.368585751177292,1.6497246912222892,4.28469904197717
34,9,elucidative.,elucidative,11.0,12.0,3.0,0.0,4.02,7.41,1052.28125,0.0,10.329038823280795,19.31848490544916,9.368585751177292,1.6497246912222892
35,0,Right,right,5.0,0.0,0.0,5.96,0.0,0.0,293.875,0.0,7.7695310472981856,8.072964108502253,0.0,0.0
35,1,now,now,3.0,5.0,0.0,6.18,5.96,0.0,233.375,0.3125,0.6617525276228022,1.5827272386944935,8.072964108502253,0.0
35,2,they're,they're,7.0,3.0,5.0,5.47,6.18,5.96,382.3125,0.28125,1.4752691029536429,4.52961520424199,1.5827272386944935,8.072964108502253
35,3,pursuing,pursuing,8.0,7.0,3.0,3.96,5.47,6.18,660.4375,0.03125,7.951886321522739,8.660068870525592,4.52961520424199,1.5827272386944935
35,4,evidence.,evidence,8.0,8.0,7.0,5.14,3.96,5.47,220.71875,0.21875,6.914968512825187,10.928056468194844,8.660068870525592,4.52961520424199
36,0,"No,",no,2.0,0.0,0.0,6.35,0.0,0.0,239.8125,0.0,8.750842712999447,8.754319603181676,0.0,0.0
36,1,Mr.,mr,2.0,2.0,0.0,5.69,6.35,0.0,220.0625,0.46875,6.450512495733085,6.4572287000608135,8.754319603181676,0.0
36,2,Lantos's,lantos's,8.0,2.0,2.0,0.0,5.69,6.35,558.25,0.125,6.332070640733512,17.773719637340086,6.4572287000608135,8.754319603181676
36,3,complaints,complaints,10.0,8.0,2.0,4.23,0.0,5.69,465.71875,0.0,3.3234907153522997,6.830465452333179,17.773719637340086,6.4572287000608135
36,4,simply,simply,6.0,10.0,8.0,5.08,4.23,0.0,421.25,0.125,7.100140456104818,7.1201976173905805,6.830465452333179,17.773719637340086
36,5,won't,won't,5.0,6.0,10.0,5.34,5.08,4.23,300.78125,0.125,5.09929959443911,5.109993395572687,7.1201976173905805,6.830465452333179
36,6,wash.,wash,4.0,5.0,6.0,4.46,5.34,5.08,181.90625,0.375,6.3497976937329526,7.446200299459619,5.109993395572687,7.1201976173905805
37,0,It,it,2.0,0.0,0.0,6.95,0.0,0.0,173.53125,0.125,5.227143642784391,5.227143642784391,0.0,0.0
37,1,helped,helped,6.0,2.0,0.0,4.88,6.95,0.0,282.5625,0.34375,6.529273196919853,8.070854517839873,5.227143642784391,0.0
37,2,that,that,4.0,6.0,2.0,7.01,4.88,6.95,187.65625,0.6875,1.532742844282227,1.555569434192284,8.070854517839873,5.227143642784391
37,3,his,his,3.0,4.0,6.0,6.51,7.01,4.88,250.8125,0.46875,4.11836380430155,4.126599055298241,1.555569434192284,8.070854517839873
37,4,inventory,inventory,9.0,3.0,4.0,4.14,6.51,7.01,410.46875,0.1875,6.9981695444428595,10.859523249104882,4.126599055298241,1.555569434192284
37,5,is,is,2.0,9.0,3.0,7.07,4.14,6.51,127.21875,0.75,3.4556617809772803,3.4556617809772803,10.859523249104882,4.126599055298241
37,6,a,a,1.0,2.0,9.0,7.36,7.07,4.14,121.75,0.625,6.704767042384823,3.5307666729398193,3.4556617809772803,10.859523249104882
37,7,third,third,5.0,1.0,2.0,5.32,7.36,7.07,227.8125,0.46875,6.067590946876123,8.875732650709828,3.5307666729398193,3.4556617809772803
37,8,smaller,smaller,7.0,5.0,1.0,4.8,5.32,7.36,261.5,0.125,5.0047793935944185,5.302448726520538,8.875732650709828,3.5307666729398193
37,9,now,now,3.0,7.0,5.0,6.18,4.8,5.32,238.96875,0.46875,5.8525246376182665,6.65341250418799,5.302448726520538,8.875732650709828
37,10,than,than,4.0,3.0,7.0,6.13,6.18,4.8,171.90625,0.5,0.5486177265350207,0.8644989761360193,6.65341250418799,5.302448726520538
37,11,it,it,2.0,4.0,3.0,6.95,6.13,6.18,86.40625,0.6875,0.6718159900081986,0.6718159900081986,0.8644989761360193,6.65341250418799
37,12,was,was,3.0,2.0,4.0,6.82,6.95,6.13,142.0625,0.59375,0.1825095401050447,0.1981485641482763,0.6718159900081986,0.8644989761360193
37,13,two,two,3.0,3.0,2.0,6.1,6.82,6.95,203.625,0.40625,3.6081620093931193,3.6101008675164152,0.1981485641482763,0.6718159900081986
37,14,years,years,5.0,3.0,3.0,5.96,6.1,6.82,196.78125,0.46875,0.2421380856902217,0.2428390837877501,3.6101008675164152,0.1981485641482763
37,15,"ago,",ago,3.0,5.0,3.0,5.42,5.96,6.1,132.03125,0.40625,0.014908837114973,1.2535804982123864,0.2428390837877501,3.6101008675164152
37,16,he,he,2.0,3.0,5.0,6.69,5.42,5.96,92.59375,0.65625,3.5530736069616324,3.5530736069616324,1.2535804982123864,0.2428390837877501
37,17,said.,said,4.0,2.0,3.0,6.01,6.69,5.42,130.0625,0.5,0.4156438455881073,0.7210754262784036,3.5530736069616324,1.2535804982123864
38,1,were,were,4.0,0.0,0.0,6.34,0.0,0.0,288.65625,0.40625,3.863422849992123,3.896954740419181,0.0,0.0
38,2,just,just,4.0,4.0,0.0,6.43,6.34,0.0,207.75,0.5,4.223289641730521,4.225972402872774,3.896954740419181,0.0
38,3,starting,starting,8.0,4.0,4.0,5.07,6.43,6.34,331.09375,0.25,3.69926889574932,3.922480414723609,4.225972402872774,3.896954740419181
38,4,to,to,2.0,8.0,4.0,7.43,5.07,6.43,71.84375,0.78125,1.740009337638213,1.740009337638213,3.922480414723609,4.225972402872774
38,5,get,get,3.0,2.0,8.0,6.28,7.43,5.07,207.21875,0.40625,1.7005307068186717,1.701957007020404,1.740009337638213,3.922480414723609
38,6,the,the,3.0,3.0,2.0,7.73,6.28,7.43,68.8125,0.84375,2.6446204911176423,2.730563455778938,1.701957007020404,1.740009337638213
38,7,public's,public's,8.0,3.0,3.0,3.22,7.73,6.28,270.40625,0.21875,7.072376848535686,9.172803661120682,2.730563455778938,1.701957007020404
38,8,confidence,confidence,10.0,8.0,3.0,4.65,3.22,7.73,400.46875,0.0625,5.403767066823313,6.707050846841689,9.172803661120682,2.730563455778938
38,9,"back,""",back,4.0,10.0,8.0,6.04,4.65,3.22,134.375,0.53125,3.0225955230793105,5.328566638445693,6.707050846841689,9.172803661120682
38,10,lamented,lamented,8.0,4.0,10.0,3.12,6.04,4.65,349.71875,0.25,12.732429836775808,14.713339060882191,5.328566638445693,6.707050846841689
38,11,Mr.,mr,2.0,8.0,4.0,5.69,3.12,6.04,149.875,0.65625,5.623951913819319,5.627670198588255,14.713339060882191,5.328566638445693
38,12,Mullins,mullins,7.0,2.0,8.0,3.04,5.69,3.12,521.71875,0.15625,6.401797285809451,11.271363231601017,5.627670198588255,14.713339060882191
38,13,of,of,2.0,7.0,2.0,7.4,3.04,5.69,86.78125,0.71875,2.9709436800557825,2.9709436800557825,11.271363231601017,5.627670198588255
38,14,Dean,dean,4.0,2.0,7.0,4.4,7.4,3.04,324.21875,0.21875,7.836552644970652,10.82226451865158,2.9709436800557825,11.271363231601017
38,15,Witter.,witter,6.0,4.0,2.0,2.42,4.4,7.4,170.53125,0.40625,8.698426066992639,13.22236530438883,10.82226451865158,2.9709436800557825
39,0,The,the,3.0,0.0,0.0,7.73,0.0,0.0,185.875,0.09375,3.1110667518296595,3.2821558427250777,0.0,0.0
39,1,administration,administration,14.0,3.0,0.0,4.93,7.73,0.0,583.46875,0.0625,7.6509351515352595,8.179532414188332,3.2821558427250777,0.0
39,2,has,has,3.0,14.0,3.0,6.37,4.93,7.73,159.5625,0.5,1.8392215193485395,1.8510050213826972,8.179532414188332,3.2821558427250777
39,3,been,been,4.0,3.0,14.0,6.27,6.37,4.93,231.78125,0.28125,2.612329424345255,2.6146112485823796,1.8510050213826972,8.179532414188332
39,4,trying,trying,6.0,4.0,3.0,5.47,6.27,6.37,210.1875,0.25,3.385425790737644,3.3911428004420916,2.6146112485823796,1.8510050213826972
39,5,to,to,2.0,6.0,4.0,7.43,5.47,6.27,63.875,0.78125,0.1095793564949225,0.1095793564949225,3.3911428004420916,2.6146112485823796
39,6,push,push,4.0,2.0,6.0,4.82,7.43,5.47,237.9375,0.21875,4.605952155375977,4.607943473723395,0.1095793564949225,3.3911428004420916
39,7,the,the,3.0,4.0,2.0,7.73,4.82,7.43,143.5625,0.625,2.1918067706177204,2.230754829724617,4.607943473723395,0.1095793564949225
39,8,dollar,dollar,6.0,3.0,4.0,4.59,7.73,4.82,305.09375,0.1875,8.545772046939042,8.799066815136285,2.230754829724617,4.607943473723395
39,9,lower;,lower,5.0,6.0,3.0,5.11,4.59,7.73,304.46875,0.15625,4.312514420205929,12.329485295127036,8.799066815136285,2.230754829724617
39,10,the,the,3.0,5.0,6.0,7.73,5.11,4.59,148.8125,0.71875,1.8788329394687435,2.02056410851268,12.329485295127036,8.799066815136285
39,11,Fed,fed,3.0,3.0,5.0,4.51,7.73,5.11,193.8125,0.5,2.4137240711467953,2.783165549317765,2.02056410851268,12.329485295127036
39,12,has,has,3.0,3.0,3.0,6.37,4.51,7.73,180.71875,0.625,0.9777742132676792,0.9990567412270224,2.783165549317765,2.02056410851268
39,13,been,been,4.0,3.0,3.0,6.27,6.37,4.51,315.125,0.34375,1.1094267365983583,1.110107298024225,0.9990567412270224,2.783165549317765
39,14,resisting.,resisting,9.0,4.0,3.0,3.58,6.27,6.37,310.5,0.125,6.182896069047736,8.942391280649204,1.110107298024225,0.9990567412270224
40,0,I'm,i'm,3.0,0.0,0.0,6.15,0.0,0.0,229.0,0.03125,6.37048582448657,6.372153914854483,0.0,0.0
40,1,going,going,5.0,3.0,0.0,5.94,6.15,0.0,363.125,0.25,2.918712228566349,2.9197923892379016,6.372153914854483,0.0
40,2,to,to,2.0,5.0,3.0,7.43,5.94,6.15,182.125,0.625,0.0726051562680201,0.0726051562680201,2.9197923892379016,6.372153914854483
40,3,hold,hold,4.0,2.0,5.0,5.19,7.43,5.94,271.8125,0.15625,5.867407013970443,5.873521458316429,0.0726051562680201,2.9197923892379016
40,4,on.,on,2.0,4.0,2.0,6.91,5.19,7.43,8.78125,0.9375,7.879673052637687,7.879673052637687,5.873521458316429,0.0726051562680201
41,0,Some,some,4.0,0.0,0.0,6.2,0.0,0.0,333.84375,0.0,6.449583440772301,6.940463415282197,0.0,0.0
41,1,evinced,evinced,7.0,4.0,0.0,2.21,6.2,0.0,958.875,0.15625,6.868072543125671,16.450489650668885,6.940463415282197,0.0
41,2,an,an,2.0,7.0,4.0,6.53,2.21,6.2,246.4375,0.46875,3.897321674717322,3.897321674717322,16.450489650668885,6.940463415282197
41,3,optimism,optimism,8.0,2.0,7.0,3.66,6.53,2.21,461.375,0.0625,5.501991890919086,6.477425219008062,3.897321674717322,16.450489650668885
41,4,that,that,4.0,8.0,2.0,7.01,3.66,6.53,297.4375,0.5625,1.2540591336220783,1.271587496649623,6.477425219008062,3.897321674717322
41,5,had,had,3.0,4.0,8.0,6.33,7.01,3.66,309.59375,0.40625,5.036298821341433,5.069103494121983,1.271587496649623,6.477425219008062
41,6,been,been,4.0,3.0,4.0,6.27,6.33,7.01,258.0,0.40625,1.5103785708326072,1.51214509904068,5.069103494121983,1.271587496649623
41,7,rewarded,rewarded,8.0,4.0,3.0,3.81,6.27,6.33,417.125,0.09375,7.783055311097719,7.929325345832638,1.51214509904068,5.069103494121983
41,8,when,when,4.0,8.0,4.0,6.37,3.81,6.27,269.1875,0.625,3.4730404580247267,3.513417352025975,7.929325345832638,1.51214509904068
41,9,they,they,4.0,4.0,8.0,6.5,6.37,3.81,281.5625,0.3125,1.2964954002120308,2.669474454368846,3.513417352025975,7.929325345832638
41,10,didn't,didn't,6.0,4.0,4.0,5.68,6.5,6.37,295.96875,0.40625,5.347025091509138,6.573548155028121,2.669474454368846,3.513417352025975
41,11,feel,feel,4.0,6.0,4.0,5.67,5.68,6.5,329.28125,0.5,4.720718749789604,4.739458481068787,6.573548155028121,2.669474454368846
41,12,the,the,3.0,4.0,6.0,7.73,5.67,5.68,233.28125,0.4375,2.1135607433559898,2.7857076855356695,4.739458481068787,6.573548155028121
41,13,market,market,6.0,3.0,4.0,5.29,7.73,5.67,422.78125,0.15625,6.577682527159197,7.213604934518017,2.7857076855356695,4.739458481068787
41,14,in,in,2.0,6.0,3.0,7.27,5.29,7.73,126.0625,0.59375,5.173160238525369,5.173160238525369,7.213604934518017,2.7857076855356695
41,15,1987.,NUM,4.0,2.0,6.0,4.45,7.27,5.29,284.6875,0.21875,6.994501607909697,10.94095968201036,5.173160238525369,7.213604934518017
42,0,"Still,",still,5.0,0.0,0.0,5.92,0.0,0.0,265.0,0.0,7.018496806986295,12.097369597801896,0.0,0.0
42,1,he,he,2.0,5.0,0.0,6.69,5.92,0.0,177.625,0.625,3.435385415034922,3.435385415034922,12.097369597801896,0.0
42,2,adds:,adds,4.0,2.0,5.0,4.38,6.69,5.92,271.625,0.21875,4.174705924587421,9.263225664842588,3.435385415034922,12.097369597801896
42,4,can't,can't,5.0,0.0,4.0,5.8,0.0,4.38,346.78125,0.28125,2.929566855443092,3.875419957599074,0.0,9.263225664842588
42,5,have,have,4.0,5.0,0.0,6.71,5.8,0.0,245.09375,0.15625,3.668021438712721,3.671147795905888,3.875419957599074,0.0
42,6,this,this,4.0,4.0,5.0,6.82,6.71,5.8,165.1875,0.46875,2.8514592787471855,2.99588348348231,3.671147795905888,3.875419957599074
42,7,kind,kind,4.0,4.0,4.0,5.45,6.82,6.71,153.28125,0.4375,1.6326072599130654,1.6344373332291724,2.99588348348231,3.671147795905888
42,8,of,of,2.0,4.0,4.0,7.4,5.45,6.82,57.15625,0.84375,0.0032968185957784,0.0032968185957784,1.6344373332291724,2.99588348348231
42,9,thing,thing,5.0,2.0,4.0,5.72,7.4,5.45,251.65625,0.1875,2.504830728405963,2.7402983429676624,0.0032968185957784,1.6344373332291724
42,10,happen,happen,6.0,5.0,2.0,5.19,5.72,7.4,313.8125,0.15625,1.5453931929155758,4.841514733521663,2.7402983429676624,0.0032968185957784
42,11,very,very,4.0,6.0,5.0,6.0,5.19,5.72,344.1875,0.1875,7.537365574718365,7.562192533897544,4.841514733521663,2.7402983429676624
42,12,"often.""",often,5.0,4.0,6.0,5.41,6.0,5.19,123.90625,0.5625,0.247884520345444,1.624525213856998,7.562192533897544,4.841514733521663
43,0,Individual,individual,10.0,0.0,0.0,5.0,0.0,0.0,541.25,0.0,7.049122971216896,10.157978983286368,0.0,0.0
43,1,investors,investors,9.0,10.0,0.0,4.34,5.0,0.0,553.625,0.09375,5.782115148892322,6.983472577918464,10.157978983286368,0.0
43,2,are,are,3.0,9.0,10.0,6.74,4.34,5.0,195.28125,0.5,2.263342225226893,2.284405026666523,6.983472577918464,10.157978983286368
43,3,still,still,5.0,3.0,9.0,5.92,6.74,4.34,240.46875,0.3125,4.470530175608374,4.481488277673115,2.284405026666523,6.983472577918464
43,4,angry,angry,5.0,5.0,3.0,4.66,5.92,6.74,255.0625,0.3125,7.034944258953757,7.249989584044922,4.481488277673115,2.284405026666523
43,5,about,about,5.0,5.0,5.0,6.4,4.66,5.92,209.09375,0.625,1.419200161087268,1.4200065182019015,7.249989584044922,4.481488277673115
43,6,program,program,7.0,5.0,5.0,5.27,6.4,4.66,579.84375,0.125,6.3276266020856795,12.782779191318518,1.4200065182019015,7.249989584044922
43,7,"trading,",trading,7.0,7.0,5.0,4.63,5.27,6.4,396.46875,0.09375,5.737785120039042,12.0128225155148,12.782779191318518,1.4200065182019015
43,8,Mr.,mr,2.0,7.0,7.0,5.69,4.63,5.27,106.0625,0.6875,7.568332961495919,7.570625226624777,12.0128225155148,12.782779191318518
43,9,Quackenbush,quackenbush,11.0,2.0,7.0,1.92,5.69,4.63,843.03125,0.0,8.230155580700142,12.7112573720117,7.570625226624777,12.0128225155148
43,10,says.,says,4.0,11.0,2.0,5.49,1.92,5.69,167.8125,0.40625,2.6458396405908076,3.23487309112906,12.7112573720117,7.570625226624777
44,0,Would,would,5.0,0.0,0.0,6.27,0.0,0.0,305.90625,0.0,8.702069541868777,8.871453197299795,0.0,0.0
44,1,Mr.,mr,2.0,5.0,0.0,5.69,6.27,0.0,164.375,0.5625,8.793320442748039,8.79706587342182,8.871453197299795,0.0
44,2,Antori,antori,6.0,2.0,5.0,0.0,5.69,6.27,553.03125,0.0,7.852967777287311,19.084025862222184,8.79706587342182,8.871453197299795
44,3,ever,ever,4.0,6.0,2.0,5.66,0.0,5.69,281.78125,0.375,5.433917744603569,6.639848007755454,19.084025862222184,8.79706587342182
44,4,get,get,3.0,4.0,6.0,6.28,5.66,0.0,234.71875,0.4375,3.3205380838417753,3.322861070184601,6.639848007755454,19.084025862222184
44,5,back,back,4.0,3.0,4.0,6.04,6.28,5.66,315.03125,0.1875,3.5446572623080925,3.6080488433300246,3.322861070184601,6.639848007755454
44,6,in?,in,2.0,4.0,3.0,7.27,6.04,6.28,16.8125,0.9375,4.878279723965093,4.878279723965093,3.6080488433300246,3.322861070184601
45,0,"Typically,",typically,9.0,0.0,0.0,4.62,0.0,0.0,420.53125,0.0,7.96294976888581,10.911736058044958,0.0,0.0
45,1,a,a,1.0,9.0,0.0,7.36,4.62,0.0,15.0,0.90625,5.56327669054404,2.6931346095144075,10.911736058044958,0.0
45,2,margin,margin,6.0,1.0,9.0,4.27,7.36,4.62,380.46875,0.125,6.125256507170823,10.882455434926188,2.6931346095144075,10.911736058044958
45,3,call,call,4.0,6.0,1.0,5.51,4.27,7.36,266.84375,0.34375,4.526515164582406,4.663083972655826,10.882455434926188,2.6931346095144075
45,4,occurs,occurs,6.0,4.0,6.0,4.34,5.51,4.27,487.65625,0.1875,4.401311839610177,4.434565750209675,4.663083972655826,10.882455434926188
45,5,when,when,4.0,6.0,4.0,6.37,4.34,5.51,282.53125,0.1875,0.5334082649356588,0.584408547321047,4.434565750209675,4.663083972655826
45,6,the,the,3.0,4.0,6.0,7.73,6.37,4.34,114.21875,0.71875,1.3926846633230523,1.5041806035693526,0.584408547321047,4.434565750209675
45,7,price,price,5.0,3.0,4.0,5.23,7.73,6.37,225.84375,0.3125,5.2880063317052475,6.565200265739982,1.5041806035693526,0.584408547321047
45,8,of,of,2.0,5.0,3.0,7.4,5.23,7.73,70.65625,0.84375,0.6669502847023736,0.6669502847023736,6.565200265739982,1.5041806035693526
45,9,a,a,1.0,2.0,5.0,7.36,7.4,5.23,85.8125,0.6875,2.164410719410178,0.766203472984408,0.6669502847023736,6.565200265739982
45,10,stock,stock,5.0,1.0,2.0,4.93,7.36,7.4,277.6875,0.28125,2.120696169616572,2.150722102087286,0.766203472984408,0.6669502847023736
45,11,falls,falls,5.0,5.0,1.0,4.63,4.93,7.36,151.90625,0.46875,2.4750756118172816,2.5725022792604975,2.150722102087286,0.766203472984408
45,12,below,below,5.0,5.0,5.0,5.05,4.63,4.93,326.03125,0.25,0.5403085397429734,0.541857079042039,2.5725022792604975,2.150722102087286
45,13,75%,NUM%,3.0,5.0,5.0,4.6,5.05,4.63,227.53125,0.4375,9.588025753083372,9.881640941211032,0.541857079042039,2.5725022792604975
45,14,of,of,2.0,3.0,5.0,7.4,4.6,5.05,110.0,0.71875,0.3569216292032706,0.3569216292032706,9.881640941211032,0.541857079042039
45,15,its,its,3.0,2.0,3.0,6.14,7.4,4.6,192.3125,0.53125,0.8044371829062911,0.805319134653999,0.3569216292032706,9.881640941211032
45,16,original,original,8.0,3.0,2.0,5.16,6.14,7.4,348.15625,0.0625,2.8661272250206267,2.9675341695251447,0.805319134653999,0.3569216292032706
45,17,value.,value,5.0,8.0,3.0,5.15,5.16,6.14,116.59375,0.71875,2.064328204881349,2.65976079632469,2.9675341695251447,0.805319134653999
46,0,The,the,3.0,0.0,0.0,7.73,0.0,0.0,189.15625,0.03125,3.1110667518296595,3.2821558427250777,0.0,0.0
46,1,company's,company's,9.0,3.0,0.0,4.31,7.73,0.0,559.1875,0.125,5.1406103958444085,8.846725593926452,3.2821558427250777,0.0
46,2,U.S.,us,2.0,9.0,3.0,5.31,4.31,7.73,297.15625,0.34375,6.762849723903173,6.813232482460798,8.846725593926452,3.2821558427250777
46,3,performance,performance,11.0,2.0,9.0,5.16,5.31,4.31,559.53125,0.03125,7.646782526461429,8.43302753091795,6.813232482460798,8.846725593926452
46,4,was,was,3.0,11.0,2.0,6.82,5.16,5.31,189.90625,0.65625,2.7639001869456905,2.786736095742903,8.43302753091795,6.813232482460798
46,5,helped,helped,6.0,3.0,11.0,4.88,6.82,5.16,330.4375,0.15625,5.720675388217675,6.627274244389792,2.786736095742903,8.43302753091795
46,6,by,by,2.0,6.0,3.0,6.66,4.88,6.82,85.28125,0.78125,0.3776278115992042,0.3776278115992042,6.627274244389792,2.786736095742903
46,8,record,record,6.0,0.0,2.0,5.21,0.0,6.66,453.15625,0.09375,4.823236797513324,6.384934943705602,0.0,0.3776278115992042
46,9,quarter,quarter,7.0,6.0,0.0,4.72,5.21,0.0,474.84375,0.21875,4.437634679418345,5.702370812886841,6.384934943705602,0.0
46,10,for,for,3.0,7.0,6.0,7.01,4.72,5.21,194.78125,0.6875,1.815995394974088,1.818675353103643,5.702370812886841,6.384934943705602
46,11,new,new,3.0,3.0,7.0,6.25,7.01,4.72,325.0625,0.4375,4.037804846421544,4.100275359203508,1.818675353103643,5.702370812886841
46,12,"customers,""",customers,9.0,3.0,3.0,4.78,6.25,7.01,442.03125,0.03125,3.4975650007849666,5.021430681624459,4.100275359203508,1.818675353103643
46,13,he,he,2.0,9.0,3.0,6.69,4.78,6.25,142.625,0.5,5.521485001881658,5.521485001881658,5.021430681624459,4.100275359203508
46,14,said.,said,4.0,2.0,9.0,6.01,6.69,4.78,214.84375,0.4375,0.1960919598560622,0.5223922796749747,5.521485001881658,5.021430681624459
47,0,That,that,4.0,0.0,0.0,7.01,0.0,0.0,213.65625,0.0,5.978484325758492,6.877434294876519,0.0,0.0
47,1,will,will,4.0,4.0,0.0,6.45,7.01,0.0,217.8125,0.59375,5.226567071929979,5.258542878503397,6.877434294876519,0.0
47,2,spur,spur,4.0,4.0,4.0,3.66,6.45,7.01,215.59375,0.34375,9.881956955663624,9.94242024357779,5.258542878503397,6.877434294876519
47,3,Tandem's,tandem's,8.0,4.0,4.0,0.0,3.66,6.45,534.375,0.0,10.563732498461867,17.895056328314297,9.94242024357779,5.258542878503397
47,4,growth.,growth,6.0,8.0,4.0,5.03,0.0,3.66,142.0,0.46875,4.340464395442034,5.954182456948125,17.895056328314297,9.94242024357779
48,0,This,this,4.0,0.0,0.0,6.82,0.0,0.0,302.65625,0.0,4.784374885908639,4.86083295500292,0.0,0.0
48,1,may,may,3.0,4.0,0.0,5.98,6.82,0.0,392.5625,0.46875,6.111050738769928,6.120004390202223,4.86083295500292,0.0
48,2,sound,sound,5.0,3.0,4.0,5.15,5.98,6.82,348.1875,0.25,1.8754160863929297,1.8780245795007957,6.120004390202223,4.86083295500292
48,3,strangely,strangely,9.0,5.0,3.0,3.67,5.15,5.98,521.375,0.09375,3.6211933001655865,8.872585379174115,1.8780245795007957,6.120004390202223
48,4,optimistic.,optimistic,10.0,9.0,5.0,3.87,3.67,5.15,443.25,0.03125,5.8254726525323335,7.857128862182456,8.872585379174115,1.8780245795007957
49,0,Of,of,2.0,0.0,0.0,7.4,0.0,0.0,211.90625,0.03125,6.973450113325093,6.973450113325093,0.0,0.0
49,1,"course,",course,6.0,2.0,0.0,5.44,7.4,0.0,189.96875,0.28125,0.9326188229978332,1.2613471413124566,6.973450113325093,0.0
49,2,the,the,3.0,6.0,2.0,7.73,5.44,7.4,117.125,0.53125,1.60806972173733,2.2595200951559224,1.2613471413124566,6.973450113325093
49,3,health,health,6.0,3.0,6.0,5.44,7.73,5.44,255.3125,0.34375,6.236067909065028,8.181706994598663,2.2595200951559224,1.2613471413124566
49,4,of,of,2.0,6.0,3.0,7.4,5.44,7.73,95.28125,0.6875,1.968223507266238,1.968223507266238,8.181706994598663,2.2595200951559224
49,5,the,the,3.0,2.0,6.0,7.73,7.4,5.44,145.84375,0.59375,1.252988245806776,1.3427932285182749,1.968223507266238,8.181706994598663
49,6,economy,economy,7.0,3.0,2.0,4.87,7.73,7.4,209.0625,0.34375,4.592632323119744,4.814374842662414,1.3427932285182749,1.968223507266238
49,7,will,will,4.0,7.0,3.0,6.45,4.87,7.73,150.1875,0.4375,3.134417946017603,3.1363047950512595,4.814374842662414,1.3427932285182749
49,8,be,be,2.0,4.0,7.0,6.79,6.45,4.87,72.625,0.75,1.8179828307033183,1.8179828307033183,3.1363047950512595,4.814374842662414
49,9,threatened,threatened,10.0,2.0,4.0,4.36,6.79,6.45,358.4375,0.03125,6.614497869893828,7.181268611922878,1.8179828307033183,3.1363047950512595
49,10,if,if,2.0,10.0,2.0,6.47,4.36,6.79,24.1875,0.875,1.5176991301045106,1.5176991301045106,7.181268611922878,1.8179828307033183
49,11,the,the,3.0,2.0,10.0,7.73,6.47,4.36,169.40625,0.59375,1.1591410396034405,1.282550832731275,1.5176991301045106,7.181268611922878
49,12,market,market,6.0,3.0,2.0,5.29,7.73,6.47,220.25,0.28125,5.357687892490645,5.711440212520969,1.282550832731275,1.5176991301045106
49,13,continues,continues,9.0,6.0,3.0,4.79,5.29,7.73,320.1875,0.15625,3.1355605300847955,3.3034838769894037,5.711440212520969,1.282550832731275
49,14,to,to,2.0,9.0,6.0,7.43,4.79,5.29,103.625,0.8125,0.1174100563116553,0.1174100563116553,3.3034838769894037,5.711440212520969
49,15,dive,dive,4.0,2.0,9.0,4.12,7.43,4.79,305.59375,0.1875,6.467326250051222,7.972897173113843,0.1174100563116553,3.3034838769894037
49,16,this,this,4.0,4.0,2.0,6.82,4.12,7.43,195.6875,0.375,6.245707692366167,6.265418164997158,7.972897173113843,0.1174100563116553
49,17,week.,week,4.0,4.0,4.0,5.56,6.82,4.12,113.09375,0.65625,3.767206064405883,4.90976865034331,6.265418164997158,7.972897173113843
50,0,A,a,1.0,0.0,0.0,7.36,0.0,0.0,180.5,0.03125,8.596486897309102,4.037898283739537,0.0,0.0
50,1,Dow,dow,3.0,1.0,0.0,3.63,7.36,0.0,199.15625,0.46875,9.423412582094937,12.011486497677078,4.037898283739537,0.0
50,2,spokeswoman,spokeswoman,11.0,3.0,1.0,3.12,3.63,7.36,640.5,0.03125,6.973980613491172,7.818718506857099,12.011486497677078,4.037898283739537
50,3,declined,declined,8.0,11.0,3.0,4.21,3.12,3.63,319.9375,0.0625,2.4736055071161545,2.4789043919977765,7.818718506857099,12.011486497677078
50,4,to,to,2.0,8.0,11.0,7.43,4.21,3.12,48.125,0.8125,0.104588404700685,0.104588404700685,2.4789043919977765,7.818718506857099
50,5,comment,comment,7.0,2.0,8.0,4.88,7.43,4.21,291.5,0.0625,0.3554415274425615,0.5781518446448146,0.104588404700685,2.4789043919977765
50,6,on,on,2.0,7.0,2.0,6.91,4.88,7.43,95.1875,0.75,0.4360676824583258,0.4360676824583258,0.5781518446448146,0.104588404700685
50,7,the,the,3.0,2.0,7.0,7.73,6.91,4.88,187.25,0.5,0.8410308956254546,0.8480675923414509,0.4360676824583258,0.5781518446448146
50,8,estimates.,estimates,9.0,3.0,2.0,4.3,7.73,6.91,363.9375,0.09375,7.069549041996581,9.824940319685432,0.8480675923414509,0.4360676824583258
51,0,The,the,3.0,0.0,0.0,7.73,0.0,0.0,229.5625,0.03125,3.1110667518296595,3.2821558427250777,0.0,0.0
51,1,interest-only,interest-only,13.0,3.0,0.0,5.12,7.73,0.0,669.5,0.03125,5.869646173841406,19.075395183878427,3.2821558427250777,0.0
51,2,securities,securities,10.0,13.0,3.0,4.24,5.12,7.73,421.59375,0.03125,5.0229709575809345,7.817169363909485,19.075395183878427,3.2821558427250777
51,3,were,were,4.0,10.0,13.0,6.34,4.24,5.12,218.6875,0.40625,4.249025922976681,4.260596191450457,7.817169363909485,19.075395183878427
51,4,priced,priced,6.0,4.0,10.0,3.97,6.34,4.24,364.125,0.15625,4.8396473789364265,5.266110740893481,4.260596191450457,7.817169363909485
51,5,at,at,2.0,6.0,4.0,6.7,3.97,6.34,176.0,0.8125,0.9627286620505372,0.9627286620505372,5.266110740893481,4.260596191450457
51,6,35,NUM,2.0,2.0,6.0,4.93,6.7,3.97,456.71875,0.375,7.441760989905056,7.441760989905056,0.9627286620505372,5.266110740893481
51,7,1/2,NUM/NUM,3.0,2.0,2.0,5.7,4.93,6.7,536.6875,0.25,7.576434120305777,7.788424686615372,7.441760989905056,0.9627286620505372
51,8,to,to,2.0,3.0,2.0,7.43,5.7,4.93,129.5,0.625,2.7287160384814726,2.7287160384814726,7.788424686615372,7.441760989905056
51,9,yield,yield,5.0,2.0,3.0,4.16,7.43,5.7,435.34375,0.15625,6.390738463362553,6.411455608046154,2.7287160384814726,7.788424686615372
51,10,10.72%.,NUM%,5.0,5.0,2.0,1.33,4.16,7.43,669.65625,0.0625,5.529036251498937,14.542449932170328,6.411455608046154,2.7287160384814726
52,0,Kaufman,kaufman,7.0,0.0,0.0,3.28,0.0,0.0,505.28125,0.0,11.215880121522538,13.6403504149707,0.0,0.0
52,1,&,&,1.0,7.0,0.0,0.0,3.28,0.0,115.84375,0.65625,8.419718805189197,5.765697315243857,13.6403504149707,0.0
52,2,"Broad,",broad,5.0,1.0,7.0,4.53,0.0,3.28,335.6875,0.0625,4.985031772206451,12.848638161150536,5.765697315243857,13.6403504149707
52,3,a,a,1.0,5.0,1.0,7.36,4.53,0.0,69.5625,0.84375,9.161759865100535,5.042444640429295,12.848638161150536,5.765697315243857
52,4,home,home,4.0,1.0,5.0,5.81,7.36,4.53,355.59375,0.09375,6.4801833153120825,6.997439742094642,5.042444640429295,12.848638161150536
52,5,building,building,8.0,4.0,1.0,5.29,5.81,7.36,336.3125,0.15625,3.5466636067517356,5.627760617903945,6.997439742094642,5.042444640429295
52,6,"company,",company,7.0,8.0,4.0,5.6,5.29,5.81,253.34375,0.21875,1.579423885908021,2.738182801278164,5.627760617903945,6.997439742094642
52,7,declined,declined,8.0,7.0,8.0,4.21,5.6,5.29,382.9375,0.15625,5.020742378190249,5.660153773332233,2.738182801278164,5.627760617903945
52,8,to,to,2.0,8.0,7.0,7.43,4.21,5.6,68.34375,0.84375,0.2063761464906406,0.2063761464906406,5.660153773332233,2.738182801278164
52,9,identify,identify,8.0,2.0,8.0,4.56,7.43,4.21,505.65625,0.0625,5.759084833844518,5.760725172320441,0.2063761464906406,5.660153773332233
52,10,the,the,3.0,8.0,2.0,7.73,4.56,7.43,106.5625,0.75,0.7441031390061141,0.9399940512685844,5.760725172320441,0.2063761464906406
52,11,institutional,institutional,13.0,3.0,8.0,4.0,7.73,4.56,948.75,0.0,6.91063529633071,11.556295068853927,0.9399940512685844,5.760725172320441
52,12,investors.,investors,9.0,13.0,3.0,4.34,4.0,7.73,399.5,0.0625,0.7390279158989728,3.2498880195201707,11.556295068853927,0.9399940512685844
53,0,The,the,3.0,0.0,0.0,7.73,0.0,0.0,202.3125,0.03125,3.1110667518296595,3.2821558427250777,0.0,0.0
53,1,company,company,7.0,3.0,0.0,5.6,7.73,0.0,282.15625,0.09375,5.1406103958444085,6.578335301580939,3.2821558427250777,0.0
53,2,outpaced,outpaced,8.0,7.0,3.0,2.44,5.6,7.73,480.78125,0.09375,7.493684373861029,13.792661178636838,6.578335301580939,3.2821558427250777
53,3,much,much,4.0,8.0,7.0,6.0,2.44,5.6,247.40625,0.28125,6.370963000823483,6.381352717682223,13.792661178636838,6.578335301580939
53,4,of,of,2.0,4.0,8.0,7.4,6.0,2.44,89.28125,0.6875,0.1095906290927573,0.1095906290927573,6.381352717682223,13.792661178636838
53,5,the,the,3.0,2.0,4.0,7.73,7.4,6.0,154.375,0.53125,0.3446339253502657,0.3525771909166728,0.1095906290927573,6.381352717682223
53,6,chemical,chemical,8.0,3.0,2.0,4.57,7.73,7.4,354.375,0.09375,8.695225071344485,10.78647889661121,0.3525771909166728,0.1095906290927573
53,7,industry,industry,8.0,8.0,3.0,5.19,4.57,7.73,459.65625,0.125,0.3720776163017021,0.4693259135465695,10.78647889661121,0.3525771909166728
53,8,as,as,2.0,8.0,8.0,6.77,5.19,4.57,107.03125,0.84375,4.142956538312497,4.142956538312497,0.4693259135465695,10.78647889661121
53,9,annual,annual,6.0,2.0,8.0,4.94,6.77,5.19,444.90625,0.15625,8.3764227768213,9.33420419561388,4.142956538312497,0.4693259135465695
53,10,profit,profit,6.0,6.0,2.0,4.7,4.94,6.77,284.21875,0.4375,2.1117549782824767,4.680457720981316,9.33420419561388,4.142956538312497
53,11,grew,grew,4.0,6.0,6.0,4.69,4.7,4.94,249.40625,0.34375,2.537861835514775,2.555649268732914,4.680457720981316,9.33420419561388
53,12,fivefold,fivefold,8.0,4.0,6.0,2.32,4.69,4.7,425.75,0.0625,6.238659874063757,7.679829854910281,2.555649268732914,4.680457720981316
53,13,in,in,2.0,8.0,4.0,7.27,2.32,4.69,115.75,0.65625,1.394207308609566,1.394207308609566,7.679829854910281,2.555649268732914
53,14,two,two,3.0,2.0,8.0,6.1,7.27,2.32,159.46875,0.5,5.55058235680265,5.556013381745885,1.394207308609566,7.679829854910281
53,15,years.,years,5.0,3.0,2.0,5.96,6.1,7.27,73.0,0.71875,0.1094697921256084,1.5334256668873252,5.556013381745885,1.394207308609566
54,0,Now,now,3.0,0.0,0.0,6.18,0.0,0.0,211.4375,0.0625,6.600683830858333,6.831710177382559,0.0,0.0
54,1,we're,we're,5.0,3.0,0.0,5.4,6.18,0.0,293.3125,0.34375,4.452741149990459,4.767282941921831,6.831710177382559,0.0
54,2,at,at,2.0,5.0,3.0,6.7,5.4,6.18,139.75,0.5625,4.189173304599262,4.189173304599262,4.767282941921831,6.831710177382559
54,3,the,the,3.0,2.0,5.0,7.73,6.7,5.4,129.375,0.53125,0.8148044929006151,0.8198053460672678,4.189173304599262,4.767282941921831
54,4,bottom,bottom,6.0,3.0,2.0,4.84,7.73,6.7,234.90625,0.125,5.438419224150046,5.550433176765424,0.8198053460672678,4.189173304599262
54,5,of,of,2.0,6.0,3.0,7.4,4.84,7.73,93.5625,0.75,0.0769834304764636,0.0769834304764636,5.550433176765424,0.8198053460672678
54,6,the,the,3.0,2.0,6.0,7.73,7.4,4.84,219.375,0.3125,0.6939727263710331,0.7000280233200407,0.0769834304764636,5.550433176765424
54,7,heap.,heap,4.0,3.0,2.0,3.59,7.73,7.4,146.1875,0.5625,3.623217443579805,5.338452401560609,0.7000280233200407,0.0769834304764636
55,0,"Japan,",japan,5.0,0.0,0.0,4.89,0.0,0.0,288.28125,0.0625,8.295753313468627,12.604823268043369,0.0,0.0
55,1,"however,",however,7.0,5.0,0.0,5.58,4.89,0.0,297.03125,0.03125,4.915025431647807,4.949963360933959,12.604823268043369,0.0
55,2,has,has,3.0,7.0,5.0,6.37,5.58,4.89,93.8125,0.625,1.4455293570507557,1.4638634053409127,4.949963360933959,12.604823268043369
55,3,agreed,agreed,6.0,3.0,7.0,4.84,6.37,5.58,375.78125,0.15625,6.230830060426268,6.245346872433988,1.4638634053409127,4.949963360933959
55,4,to,to,2.0,6.0,3.0,7.43,4.84,6.37,65.53125,0.6875,0.1658915686817437,0.1658915686817437,6.245346872433988,1.4638634053409127
55,5,cut,cut,3.0,2.0,6.0,5.24,7.43,4.84,142.09375,0.40625,4.354572892919613,4.363033216629109,0.1658915686817437,6.245346872433988
55,6,its,its,3.0,3.0,2.0,6.14,5.24,7.43,115.625,0.625,1.2318134097769295,1.2334468757149502,4.363033216629109,0.1658915686817437
55,7,quota,quota,5.0,3.0,3.0,3.53,6.14,5.24,163.875,0.375,7.4647487892355855,7.579148118683818,1.2334468757149502,4.363033216629109
55,8,to,to,2.0,5.0,3.0,7.43,3.53,6.14,116.65625,0.75,3.378422576941759,3.378422576941759,7.579148118683818,1.2334468757149502
55,9,about,about,5.0,2.0,5.0,6.4,7.43,3.53,531.09375,0.15625,4.045757642610205,4.055334830165307,3.378422576941759,7.579148118683818
55,10,5%,NUM%,2.0,5.0,2.0,5.75,6.4,7.43,217.5,0.40625,6.518456221024017,6.518456221024017,4.055334830165307,3.378422576941759
55,11,from,from,4.0,2.0,5.0,6.63,5.75,6.4,392.59375,0.40625,1.459242506098704,1.4595109968137194,6.518456221024017,4.055334830165307
55,12,5.9%,NUM%,3.0,4.0,2.0,3.12,6.63,5.75,371.9375,0.09375,7.854679803269086,8.782562917990177,1.4595109968137194,6.518456221024017
55,13,previously.,previously,10.0,3.0,4.0,4.83,3.12,6.63,259.65625,0.25,7.595924196179546,10.149021472140385,8.782562917990177,1.4595109968137194
56,0,The,the,3.0,0.0,0.0,7.73,0.0,0.0,229.1875,0.0625,3.1110667518296595,3.2821558427250777,0.0,0.0
56,1,balance,balance,7.0,3.0,0.0,4.76,7.73,0.0,379.6875,0.1875,7.973864545320012,10.011860693243364,3.2821558427250777,0.0
56,2,is,is,2.0,7.0,3.0,7.07,4.76,7.73,147.65625,0.625,3.1167084454464913,3.1167084454464913,10.011860693243364,3.2821558427250777
56,3,supplied,supplied,8.0,2.0,7.0,4.24,7.07,4.76,467.5625,0.0625,6.757851261636038,12.810406345459793,3.1167084454464913,10.011860693243364
56,4,by,by,2.0,8.0,2.0,6.66,4.24,7.07,135.65625,0.53125,0.2377115045905071,0.2377115045905071,12.810406345459793,3.1167084454464913
56,5,a,a,1.0,2.0,8.0,7.36,6.66,4.24,52.4375,0.90625,5.919275090747163,2.228652931313878,0.2377115045905071,12.810406345459793
56,6,host,host,4.0,1.0,2.0,4.77,7.36,6.66,261.9375,0.375,6.836159280277716,7.070922701236224,2.228652931313878,0.2377115045905071
56,7,of,of,2.0,4.0,1.0,7.4,4.77,7.36,92.09375,0.78125,0.0291950909270042,0.0291950909270042,7.070922701236224,2.228652931313878
56,8,smaller,smaller,7.0,2.0,4.0,4.8,7.4,4.77,347.40625,0.125,5.157664562935565,6.797378762671848,0.0291950909270042,7.070922701236224
56,9,"exporters,",exporters,9.0,7.0,2.0,3.3,4.8,7.4,434.1875,0.0625,6.627622040373751,11.289394207016144,6.797378762671848,0.0291950909270042
56,10,such,such,4.0,9.0,7.0,5.84,3.3,4.8,143.0,0.65625,2.674590606712435,2.675248018215946,11.289394207016144,6.797378762671848
56,11,as,as,2.0,4.0,9.0,6.77,5.84,3.3,85.40625,0.71875,0.0080694763554305,0.0080694763554305,2.675248018215946,11.289394207016144
56,12,Australia,australia,9.0,2.0,4.0,5.06,6.77,5.84,396.28125,0.0625,4.422742498266025,6.100986155568236,0.0080694763554305,2.675248018215946
56,13,and,and,3.0,9.0,2.0,7.41,5.06,6.77,70.03125,0.75,0.4610995781073512,0.4619022063843232,6.100986155568236,0.0080694763554305
56,14,Venezuela.,venezuela,9.0,3.0,9.0,3.93,7.41,5.06,408.875,0.0625,6.666913061897503,7.495611457146325,0.4619022063843232,6.100986155568236
57,1,shelf,shelf,5.0,0.0,0.0,4.02,0.0,0.0,581.5625,0.25,4.634361954035326,15.045049279829437,0.0,0.0
57,2,space,space,5.0,5.0,0.0,5.23,4.02,0.0,431.53125,0.28125,1.460354853830907,1.4803807193400509,15.045049279829437,0.0
57,3,was,was,3.0,5.0,5.0,6.82,5.23,4.02,236.3125,0.40625,2.874178172034476,2.9014844988852886,1.4803807193400509,15.045049279829437
57,4,"cheap,",cheap,5.0,3.0,5.0,4.71,6.82,5.23,342.40625,0.15625,5.2623400766224435,6.32731240295076,2.9014844988852886,1.4803807193400509
57,5,bigger,bigger,6.0,5.0,3.0,4.74,4.71,6.82,375.0625,0.15625,6.400787462729298,9.407672991244162,6.32731240295076,2.9014844988852886
57,6,was,was,3.0,6.0,5.0,6.82,4.74,4.71,266.375,0.59375,3.792820712209348,3.829722580906534,9.407672991244162,6.32731240295076
57,7,"better,""",better,6.0,3.0,6.0,5.76,6.82,4.74,274.625,0.25,0.5354967731203928,2.9271243028560505,3.829722580906534,9.407672991244162
57,8,says,says,4.0,6.0,3.0,5.49,5.76,6.82,91.5,0.6875,5.403015694648268,5.640676262166458,2.9271243028560505,3.829722580906534
57,9,Hugh,hugh,4.0,4.0,6.0,4.01,5.49,5.76,300.0,0.28125,7.8891937004817905,8.93258235002395,5.640676262166458,2.9271243028560505
57,10,"Zurkuhlen,",zurkuhlen,9.0,4.0,4.0,0.0,4.01,5.49,467.875,0.15625,10.937703080486216,30.595946307708616,8.93258235002395,5.640676262166458
57,11,an,an,2.0,9.0,4.0,6.53,0.0,4.01,26.40625,0.84375,2.845244363176022,2.845244363176022,30.595946307708616,8.93258235002395
57,12,analyst,analyst,7.0,2.0,9.0,4.03,6.53,0.0,318.21875,0.25,2.8671865099913987,2.9022686188485665,2.845244363176022,30.595946307708616
57,13,at,at,2.0,7.0,2.0,6.7,4.03,6.53,60.34375,0.84375,0.4687534602989842,0.4687534602989842,2.9022686188485665,2.845244363176022
57,14,Salomon,salomon,7.0,2.0,7.0,2.91,6.7,4.03,476.875,0.0625,8.04667873815086,10.992447855342135,0.4687534602989842,2.9022686188485665
57,15,Bros.,bros,4.0,7.0,2.0,4.08,2.91,6.7,69.75,0.6875,1.3174255612493369,7.085438518707832,10.992447855342135,0.4687534602989842
58,0,Competition,competition,11.0,0.0,0.0,4.91,0.0,0.0,655.1875,0.0,5.977639769831575,10.89536745162913,0.0,0.0
58,1,is,is,2.0,11.0,0.0,7.07,4.91,0.0,35.625,0.9375,2.4940614424136704,2.4940614424136704,10.89536745162913,0.0
58,2,bound,bound,5.0,2.0,11.0,4.46,7.07,4.91,326.75,0.0625,6.679346318238952,6.740251490328003,2.4940614424136704,10.89536745162913
58,3,to,to,2.0,5.0,2.0,7.43,4.46,7.07,94.65625,0.71875,0.0530143231869288,0.0530143231869288,6.740251490328003,2.4940614424136704
58,4,get,get,3.0,2.0,5.0,6.28,7.43,4.46,154.75,0.46875,3.2811801554314144,3.282622869652414,0.0530143231869288,6.740251490328003
58,5,tougher,tougher,7.0,3.0,2.0,3.66,6.28,7.43,363.40625,0.15625,1.955111754591201,2.543581312717677,3.282622869652414,0.0530143231869288
58,6,if,if,2.0,7.0,3.0,6.47,3.66,6.28,87.5625,0.6875,4.401462619792106,4.401462619792106,2.543581312717677,3.282622869652414
58,7,Kao,kao,3.0,2.0,7.0,2.65,6.47,3.66,397.625,0.25,13.180139438429222,14.985875204241664,4.401462619792106,2.543581312717677
58,8,introduces,introduces,10.0,3.0,2.0,3.8,2.65,6.47,473.53125,0.0625,7.403098395155077,9.980318984736035,14.985875204241664,4.401462619792106
58,9,a,a,1.0,10.0,3.0,7.36,3.8,2.65,38.21875,0.875,4.5388806401981725,1.6024250237135504,9.980318984736035,14.985875204241664
58,10,product,product,7.0,1.0,10.0,4.95,7.36,3.8,368.5,0.1875,4.537229718666659,6.867786895231468,1.6024250237135504,9.980318984736035
58,11,like,like,4.0,7.0,1.0,6.41,4.95,7.36,240.25,0.46875,3.021314907195766,3.0262211912747787,6.867786895231468,1.6024250237135504
58,12,Attack,attack,6.0,4.0,7.0,5.09,6.41,4.95,428.28125,0.03125,9.43923868466267,10.666098713639729,3.0262211912747787,6.867786895231468
58,13,in,in,2.0,6.0,4.0,7.27,5.09,6.41,114.21875,0.75,4.696021692995686,4.696021692995686,10.666098713639729,3.0262211912747787
58,14,the,the,3.0,2.0,6.0,7.73,7.27,5.09,258.25,0.25,1.125042199750368,1.139829380414099,4.696021692995686,10.666098713639729
58,15,U.S.,us,2.0,3.0,2.0,5.31,7.73,7.27,125.65625,0.5,5.684829960547205,5.698621293823777,1.139829380414099,4.696021692995686
59,0,It,it,2.0,0.0,0.0,6.95,0.0,0.0,198.71875,0.09375,5.227143642784391,5.227143642784391,0.0,0.0
59,1,also,also,4.0,2.0,0.0,6.19,6.95,0.0,346.625,0.59375,5.290198326385829,5.293676431082204,5.227143642784391,0.0
59,2,has,has,3.0,4.0,2.0,6.37,6.19,6.95,278.59375,0.5625,3.465213831400753,3.5002102204040586,5.293676431082204,5.227143642784391
59,3,a,a,1.0,3.0,4.0,7.36,6.37,6.19,95.6875,0.71875,4.200802191789236,1.4859325958891088,3.5002102204040586,5.293676431082204
59,4,product-testing,product-testing,15.0,1.0,3.0,4.49,7.36,6.37,805.0625,0.0,4.647159245761179,18.336537578293186,1.4859325958891088,3.5002102204040586
59,5,facility,facility,8.0,15.0,1.0,4.6,4.49,7.36,420.28125,0.03125,3.615335730865226,3.9831467286536792,18.336537578293186,1.4859325958891088
59,6,in,in,2.0,8.0,15.0,7.27,4.6,4.49,99.21875,0.8125,1.4018545317506508,1.4018545317506508,3.9831467286536792,18.336537578293186
59,7,California.,california,10.0,2.0,8.0,5.0,7.27,4.6,221.9375,0.15625,4.818796426667184,6.385831815156898,1.4018545317506508,3.9831467286536792
60,0,At,at,2.0,0.0,0.0,6.7,0.0,0.0,265.59375,0.0625,6.106593736902623,6.106593736902623,0.0,0.0
60,1,one,one,3.0,2.0,0.0,6.47,6.7,0.0,296.5625,0.59375,4.437172453540006,4.4396181652779365,6.106593736902623,0.0
60,2,of,of,2.0,3.0,2.0,7.4,6.47,6.7,128.5,0.625,3.899356193583131,3.899356193583131,4.4396181652779365,6.106593736902623
60,3,her,her,3.0,2.0,3.0,6.3,7.4,6.47,180.34375,0.59375,4.491470434359025,4.4932190991865415,3.899356193583131,4.4396181652779365
60,4,news,news,4.0,3.0,2.0,5.44,6.3,7.4,255.65625,0.375,5.437585686193231,7.186586270217958,4.4932190991865415,3.899356193583131
60,5,"conferences,",conferences,11.0,4.0,3.0,4.03,5.44,6.3,472.96875,0.09375,0.1050766738809194,1.1792222248704824,7.186586270217958,4.4932190991865415
60,6,Mrs.,mrs,3.0,11.0,4.0,4.89,4.03,5.44,190.09375,0.625,5.219518689365373,5.666136120209757,1.1792222248704824,7.186586270217958
60,7,Hills,hills,5.0,3.0,11.0,4.46,4.89,4.03,323.1875,0.34375,5.757567388498927,11.735634923914551,5.666136120209757,1.1792222248704824
60,8,"said,",said,4.0,5.0,3.0,6.01,4.46,4.89,202.5,0.375,1.7281744627926017,3.502884229038358,11.735634923914551,5.666136120209757
60,10,believe,believe,7.0,0.0,4.0,5.51,0.0,6.01,257.71875,0.25,4.121219419999626,4.180967286508164,0.0,3.502884229038358
60,11,we,we,2.0,7.0,0.0,6.54,5.51,0.0,103.25,0.75,2.687897549336391,2.687897549336391,4.180967286508164,0.0
60,12,can,can,3.0,2.0,7.0,6.46,6.54,5.51,151.21875,0.5625,2.144069604554616,2.214867346097961,2.687897549336391,4.180967286508164
60,13,do,do,2.0,3.0,2.0,6.35,6.46,6.54,93.375,0.625,2.2886915909555867,2.2886915909555867,2.214867346097961,2.687897549336391
60,14,much,much,4.0,2.0,3.0,6.0,6.35,6.46,205.53125,0.25,4.034285237528735,4.072614637067119,2.2886915909555867,2.214867346097961
60,15,better,better,6.0,4.0,2.0,5.76,6.0,6.35,229.1875,0.34375,0.7650592010535178,1.265352500509323,4.072614637067119,2.2886915909555867
60,16,than,than,4.0,6.0,4.0,6.13,5.76,6.0,319.9375,0.25,0.649717174500708,0.65801182156153,1.265352500509323,4.072614637067119
60,17,"20%.""",NUM%,3.0,4.0,6.0,5.08,6.13,5.76,407.8125,0.28125,13.59059429504893,18.78458435867836,0.65801182156153,1.265352500509323
61,0,We,we,2.0,0.0,0.0,6.54,0.0,0.0,205.90625,0.0,5.255517081525223,5.255517081525223,0.0,0.0
61,1,didn't,didn't,6.0,2.0,0.0,5.68,6.54,0.0,305.28125,0.375,4.910437033170805,5.575442527216435,5.255517081525223,0.0
61,2,even,even,4.0,6.0,2.0,5.99,5.68,6.54,231.21875,0.375,3.5525547810041314,3.594408226262008,5.575442527216435,5.255517081525223
61,3,get,get,3.0,4.0,6.0,6.28,5.99,5.68,205.84375,0.375,2.413606594074846,2.4143710877545956,3.594408226262008,5.575442527216435
61,4,a,a,1.0,3.0,4.0,7.36,6.28,5.99,55.4375,0.78125,2.353514210297515,1.9727722916885675,2.4143710877545956,3.594408226262008
61,5,chance,chance,6.0,1.0,3.0,5.26,7.36,6.28,235.65625,0.21875,0.4320644403699383,0.4338882860082513,1.9727722916885675,2.4143710877545956
61,6,to,to,2.0,6.0,1.0,7.43,5.26,7.36,70.5625,0.875,0.0057132327869773,0.0057132327869773,0.4338882860082513,1.9727722916885675
61,7,do,do,2.0,2.0,6.0,6.35,7.43,5.26,179.78125,0.5625,3.8076751906865343,3.8076751906865343,0.0057132327869773,0.4338882860082513
61,8,the,the,3.0,2.0,2.0,7.73,6.35,7.43,147.78125,0.5625,1.879438629637434,1.943468484773767,3.8076751906865343,0.0057132327869773
61,9,programs,programs,8.0,3.0,2.0,4.9,7.73,6.35,277.6875,0.125,4.795741271845269,11.787679733837027,1.943468484773767,3.8076751906865343
61,10,we,we,2.0,8.0,3.0,6.54,4.9,7.73,93.21875,0.75,3.0158462336208203,3.0158462336208203,11.787679733837027,1.943468484773767
61,11,wanted,wanted,6.0,2.0,8.0,5.36,6.54,4.9,428.53125,0.03125,1.205646906242151,1.646841910857944,3.0158462336208203,11.787679733837027
61,12,to,to,2.0,6.0,2.0,7.43,5.36,6.54,155.875,0.5,0.5271157167471969,0.5271157167471969,1.646841910857944,3.0158462336208203
61,13,do.,do,2.0,2.0,6.0,6.35,7.43,5.36,67.3125,0.75,2.18287731703942,2.18287731703942,0.5271157167471969,1.646841910857944
62,0,The,the,3.0,0.0,0.0,7.73,0.0,0.0,192.78125,0.03125,3.1110667518296595,3.2821558427250777,0.0,0.0
62,1,main,main,4.0,3.0,0.0,5.24,7.73,0.0,555.09375,0.34375,6.216556883267311,6.372159354729028,3.2821558427250777,0.0
62,2,reason,reason,6.0,4.0,3.0,5.32,5.24,7.73,748.0,0.09375,2.846155913660509,2.9475876166529993,6.372159354729028,3.2821558427250777
62,3,remains,remains,7.0,6.0,4.0,4.8,5.32,5.24,721.84375,0.03125,8.49195365091286,8.856571096189755,2.9475876166529993,6.372159354729028
62,4,weather.,weather,7.0,7.0,6.0,4.87,4.8,5.32,292.0625,0.09375,8.995314791699734,13.251443699113572,8.856571096189755,2.9475876166529993
63,0,For,for,3.0,0.0,0.0,7.01,0.0,0.0,212.125,0.0,5.339471091876144,5.628322115273463,0.0,0.0
63,1,"example,",example,7.0,3.0,0.0,5.27,7.01,0.0,234.125,0.21875,4.318714258733173,4.533168847393754,5.628322115273463,0.0
63,2,in,in,2.0,7.0,3.0,7.27,5.27,7.01,72.96875,0.71875,2.6883660092917108,2.6883660092917108,4.533168847393754,5.628322115273463
63,3,the,the,3.0,2.0,7.0,7.73,7.27,5.27,106.0625,0.65625,1.619920247900561,1.6515823934861018,2.6883660092917108,4.533168847393754
63,4,Oklahoma,oklahoma,8.0,3.0,2.0,4.27,7.73,7.27,313.53125,0.21875,9.914199072567897,10.028398928715324,1.6515823934861018,2.6883660092917108
63,5,"panhandle,",panhandle,9.0,8.0,3.0,2.88,4.27,7.73,516.03125,0.0,6.635551366806645,7.610133328865803,10.028398928715324,1.6515823934861018
63,6,40%,NUM%,3.0,9.0,8.0,4.82,2.88,4.27,288.0,0.3125,8.31636076659705,8.325147702119551,7.610133328865803,10.028398928715324
63,7,or,or,2.0,3.0,9.0,6.54,4.82,2.88,220.03125,0.59375,6.0435976217170975,6.0435976217170975,8.325147702119551,7.610133328865803
63,8,more,more,4.0,2.0,3.0,6.36,6.54,4.82,317.0,0.40625,0.2623867262532826,0.2629017434472445,6.0435976217170975,8.325147702119551
63,9,of,of,2.0,4.0,2.0,7.4,6.36,6.54,155.6875,0.75,0.0367668677602139,0.0367668677602139,0.2629017434472445,6.0435976217170975
63,10,the,the,3.0,2.0,4.0,7.73,7.4,6.36,131.75,0.5625,0.9402859287405364,0.959533357589244,0.0367668677602139,0.2629017434472445
63,11,topsoil,topsoil,7.0,3.0,2.0,2.55,7.73,7.4,382.53125,0.15625,6.750194576705113,15.715183078192617,0.959533357589244,0.0367668677602139
63,12,is,is,2.0,7.0,3.0,7.07,2.55,7.73,97.0625,0.71875,1.0088396970561604,1.0088396970561604,15.715183078192617,0.959533357589244
63,13,short,short,5.0,2.0,7.0,5.33,7.07,2.55,443.84375,0.1875,7.767094679490995,10.967795520254285,1.0088396970561604,15.715183078192617
63,14,of,of,2.0,5.0,2.0,7.4,5.33,7.07,98.28125,0.84375,1.738953592643,1.738953592643,10.967795520254285,1.0088396970561604
63,15,moisture.,moisture,8.0,2.0,5.0,3.9,7.4,5.33,286.375,0.09375,4.9684553829826825,6.3736976459350245,1.738953592643,10.967795520254285
64,0,Brazil,brazil,6.0,0.0,0.0,4.58,0.0,0.0,382.8125,0.0,7.52523798194534,11.176162968864832,0.0,0.0
64,1,wants,wants,5.0,6.0,0.0,5.24,4.58,0.0,463.875,0.34375,6.08909982639288,6.273062123800846,11.176162968864832,0.0
64,2,to,to,2.0,5.0,6.0,7.43,5.24,4.58,166.9375,0.625,0.4219677329075004,0.4219677329075004,6.273062123800846,11.176162968864832
64,3,stimulate,stimulate,9.0,2.0,5.0,3.67,7.43,5.24,626.40625,0.0625,7.436094316113891,8.854395848932938,0.4219677329075004,6.273062123800846
64,4,demand,demand,6.0,9.0,2.0,4.84,3.67,7.43,520.25,0.0625,5.1856564020668685,5.49280395051829,8.854395848932938,0.4219677329075004
64,5,for,for,3.0,6.0,9.0,7.01,4.84,3.67,190.5625,0.625,0.4210812094980127,0.4218604067152043,5.49280395051829,8.854395848932938
64,6,its,its,3.0,3.0,6.0,6.14,7.01,4.84,192.8125,0.65625,1.8069515634477968,1.808541440381454,0.4218604067152043,5.49280395051829
64,7,"product,",product,7.0,3.0,3.0,4.95,6.14,7.01,298.1875,0.1875,3.707917936779481,8.175332544800845,1.808541440381454,0.4218604067152043
64,8,which,which,5.0,7.0,3.0,6.3,4.95,6.14,254.875,0.28125,2.3945768141737247,2.6458994591952063,8.175332544800845,1.808541440381454
64,9,is,is,2.0,5.0,7.0,7.07,6.3,4.95,102.15625,0.75,1.4488390214366689,1.4488390214366689,2.6458994591952063,8.175332544800845
64,10,going,going,5.0,2.0,5.0,5.94,7.07,6.3,331.53125,0.28125,7.357144729889349,7.360366839745851,1.4488390214366689,2.6458994591952063
64,11,to,to,2.0,5.0,2.0,7.43,5.94,7.07,66.03125,0.78125,1.123378835261171,1.123378835261171,7.360366839745851,1.4488390214366689
64,12,be,be,2.0,2.0,5.0,6.79,7.43,5.94,194.28125,0.6875,1.4406608255589362,1.4406608255589362,1.123378835261171,7.360366839745851
64,13,in,in,2.0,2.0,2.0,7.27,6.79,7.43,238.40625,0.5625,4.9783657089159234,4.9783657089159234,1.4406608255589362,1.123378835261171
64,14,plentiful,plentiful,9.0,2.0,2.0,3.36,7.27,6.79,510.9375,0.0,8.153696236400258,8.456322879814486,4.9783657089159234,1.4406608255589362
64,15,supply.,supply,6.0,9.0,2.0,4.81,3.36,7.27,235.25,0.1875,0.1447721316946513,3.0313570450855707,8.456322879814486,4.9783657089159234
65,0,Futures,futures,7.0,0.0,0.0,3.84,0.0,0.0,562.84375,0.0,9.299733580024494,12.095116270057389,0.0,0.0
65,1,traders,traders,7.0,7.0,0.0,3.95,3.84,0.0,570.875,0.21875,4.442008525530813,6.472850489452302,12.095116270057389,0.0
65,2,say,say,3.0,7.0,7.0,5.89,3.95,3.84,282.34375,0.28125,4.019398966914068,4.03559526850005,6.472850489452302,12.095116270057389
65,3,the,the,3.0,3.0,7.0,7.73,5.89,3.95,289.875,0.375,0.9262828449646818,1.415411943462889,4.03559526850005,6.472850489452302
65,4,S&P,s&p,3.0,3.0,3.0,5.06,7.73,5.89,383.65625,0.3125,6.513568102442136,6.576920656739727,1.415411943462889,4.03559526850005
65,5,was,was,3.0,3.0,3.0,6.82,5.06,7.73,217.15625,0.53125,8.100979125182409,8.11477088000964,6.576920656739727,1.415411943462889
65,6,signaling,signaling,9.0,3.0,3.0,3.65,6.82,5.06,516.21875,0.0625,6.7636836725329275,8.347049869345291,8.11477088000964,6.576920656739727
65,7,that,that,4.0,9.0,3.0,7.01,3.65,6.82,257.40625,0.4375,2.0562457847835987,2.060587361987224,8.347049869345291,8.11477088000964
65,8,the,the,3.0,4.0,9.0,7.73,7.01,3.65,205.5,0.59375,1.1933042910579843,1.2825788155178302,2.060587361987224,8.347049869345291
65,9,Dow,dow,3.0,3.0,4.0,3.63,7.73,7.01,188.25,0.3125,4.485548240464681,4.552455151578769,1.2825788155178302,2.060587361987224
65,10,could,could,5.0,3.0,3.0,6.06,3.63,7.73,260.28125,0.40625,3.976639972068888,3.9867052058908143,4.552455151578769,1.2825788155178302
65,11,fall,fall,4.0,5.0,3.0,5.13,6.06,3.63,204.53125,0.40625,1.8009394613772187,1.8333292682529745,3.9867052058908143,4.552455151578769
65,12,as,as,2.0,4.0,5.0,6.77,5.13,6.06,180.25,0.5625,1.7421690483631735,1.7421690483631735,1.8333292682529745,3.9867052058908143
65,13,much,much,4.0,2.0,4.0,6.0,6.77,5.13,229.46875,0.4375,0.6570470152996606,0.6574112760505884,1.7421690483631735,1.8333292682529745
65,14,as,as,2.0,4.0,2.0,6.77,6.0,6.77,98.84375,0.71875,0.007024743826399,0.007024743826399,0.6574112760505884,1.7421690483631735
65,15,200,NUM,3.0,2.0,4.0,3.5,6.77,6.0,286.34375,0.1875,4.225311629191289,4.314304083770828,0.007024743826399,0.6574112760505884
65,16,points.,points,6.0,3.0,2.0,5.23,3.5,6.77,118.5,0.53125,0.475550575487901,3.1913792041696496,4.314304083770828,0.007024743826399
66,0,Friday,friday,6.0,0.0,0.0,4.96,0.0,0.0,364.875,0.0,8.010132425897725,10.011523999634797,0.0,0.0
66,1,capped,capped,6.0,6.0,0.0,3.67,4.96,0.0,441.125,0.09375,9.819092780394357,11.984456791693688,10.011523999634797,0.0
66,2,a,a,1.0,6.0,6.0,7.36,3.67,4.96,73.34375,0.84375,3.7556678828180345,1.356652623077892,11.984456791693688,10.011523999634797
66,3,week,week,4.0,1.0,6.0,5.56,7.36,3.67,283.5625,0.1875,2.7703811901109674,2.9215154838844235,1.356652623077892,11.984456791693688
66,4,of,of,2.0,4.0,1.0,7.4,5.56,7.36,100.4375,0.75,0.4982925253003891,0.4982925253003891,2.9215154838844235,1.356652623077892
66,5,steadily,steadily,8.0,2.0,4.0,3.84,7.4,5.56,536.28125,0.03125,6.180516268271685,8.929883628130955,0.4982925253003891,2.9215154838844235
66,6,rising,rising,6.0,8.0,2.0,4.52,3.84,7.4,323.4375,0.1875,2.04388384602904,2.0487693083128917,8.929883628130955,0.4982925253003891
66,7,crude,crude,5.0,6.0,8.0,4.0,4.52,3.84,329.09375,0.0625,7.195569832766708,7.271918027885747,2.0487693083128917,8.929883628130955
66,8,oil,oil,3.0,5.0,6.0,5.1,4.0,4.52,155.8125,0.53125,3.3712991325113606,3.3743990680069587,7.271918027885747,2.0487693083128917
66,9,prices,prices,6.0,3.0,5.0,4.88,5.1,4.0,233.78125,0.34375,0.058221150142792,0.5642878088268901,3.3743990680069587,7.271918027885747
66,10,in,in,2.0,6.0,3.0,7.27,4.88,5.1,68.1875,0.75,2.638161858310319,2.638161858310319,0.5642878088268901,3.3743990680069587
66,11,both,both,4.0,2.0,6.0,5.79,7.27,4.88,301.71875,0.28125,5.67075293524006,5.67273101920248,2.638161858310319,0.5642878088268901
66,12,futures,futures,7.0,4.0,2.0,3.84,5.79,7.27,376.4375,0.09375,9.342700580329542,9.41127559282112,5.67273101920248,2.638161858310319
66,13,and,and,3.0,7.0,4.0,7.41,3.84,5.79,85.03125,0.875,0.0439636545769275,0.0448028005733789,9.41127559282112,5.67273101920248
66,14,spot,spot,4.0,3.0,7.0,4.89,7.41,3.84,373.59375,0.3125,5.570807546428597,5.59825053028581,0.0448028005733789,9.41127559282112
66,15,markets.,markets,7.0,4.0,3.0,4.61,4.89,7.41,201.65625,0.34375,0.2476791543376606,1.194854915379068,5.59825053028581,0.0448028005733789
67,0,During,during,6.0,0.0,0.0,5.72,0.0,0.0,240.40625,0.0,7.455623972978439,7.592191422037072,0.0,0.0
67,1,this,this,4.0,6.0,0.0,6.82,5.72,0.0,213.34375,0.375,3.5842151662343804,3.5914436914194328,7.592191422037072,0.0
67,2,"time,",time,4.0,4.0,6.0,6.29,6.82,5.72,141.28125,0.4375,2.137418467805647,3.0440389625318645,3.5914436914194328,7.592191422037072
67,3,small,small,5.0,4.0,4.0,5.51,6.29,6.82,183.84375,0.34375,8.437590637763485,9.153950060552772,3.0440389625318645,3.5914436914194328
67,4,investors,investors,9.0,5.0,4.0,4.34,5.51,6.29,281.71875,0.09375,6.157558270031135,7.146425131013597,9.153950060552772,3.0440389625318645
67,5,began,began,5.0,9.0,5.0,5.07,4.34,5.51,276.53125,0.28125,5.479127233198422,5.610910435214951,7.146425131013597,9.153950060552772
67,6,ringing,ringing,7.0,5.0,9.0,3.68,5.07,4.34,428.90625,0.03125,10.743953847387845,10.88543553394554,5.610910435214951,7.146425131013597
67,7,their,their,5.0,7.0,5.0,6.33,3.68,5.07,240.125,0.375,1.7723739294589578,2.698127333683537,10.88543553394554,5.610910435214951
67,8,brokers.,brokers,7.0,5.0,7.0,3.67,6.33,3.68,203.03125,0.25,5.317740792370621,9.205347078036212,2.698127333683537,10.88543553394554
68,0,Samsung,samsung,7.0,0.0,0.0,4.12,0.0,0.0,593.84375,0.0,7.767223306159572,10.131623456661988,0.0,0.0
68,1,already,already,7.0,7.0,0.0,5.55,4.12,0.0,588.75,0.1875,6.744213832881124,6.745252426302338,10.131623456661988,0.0
68,2,owns,owns,4.0,7.0,7.0,4.21,5.55,4.12,388.03125,0.15625,4.067345472852857,4.194268546354792,6.745252426302338,10.131623456661988
68,3,Korea,korea,5.0,4.0,7.0,4.65,4.21,5.55,423.71875,0.15625,7.887910942324616,11.197676596159251,4.194268546354792,6.745252426302338
68,4,First,first,5.0,5.0,4.0,6.11,4.65,4.21,450.75,0.3125,4.98186209546234,5.5649385406137455,11.197676596159251,4.194268546354792
68,5,Advertising,advertising,11.0,5.0,5.0,4.54,6.11,4.65,517.59375,0.0,8.4763061501761,10.0972199159011,5.5649385406137455,11.197676596159251
68,6,"Co.,",co,2.0,11.0,5.0,5.21,4.54,6.11,173.375,0.40625,4.238724555014031,4.9688389232180015,10.0972199159011,5.5649385406137455
68,7,that,that,4.0,2.0,11.0,7.01,5.21,4.54,191.28125,0.6875,6.689309371616503,6.838551965751584,4.9688389232180015,10.0972199159011
68,8,country's,country's,9.0,4.0,2.0,4.17,7.01,5.21,580.9375,0.0625,5.842468348289657,7.640242330011532,6.838551965751584,4.9688389232180015
68,9,largest,largest,7.0,9.0,4.0,4.9,4.17,7.01,612.65625,0.0,0.9785364769944352,0.9914974111816122,7.640242330011532,6.838551965751584
68,10,agency.,agency,6.0,7.0,9.0,4.87,4.9,4.17,270.5,0.21875,6.151974717771992,8.055203035684201,0.9914974111816122,7.640242330011532
69,0,The,the,3.0,0.0,0.0,7.73,0.0,0.0,234.34375,0.0,3.1110667518296595,3.2821558427250777,0.0,0.0
69,1,company,company,7.0,3.0,0.0,5.6,7.73,0.0,219.78125,0.28125,5.1406103958444085,6.578335301580939,3.2821558427250777,0.0
69,2,asked,asked,5.0,7.0,3.0,5.3,5.6,7.73,258.8125,0.21875,6.649008027969394,6.819899016971906,6.578335301580939,3.2821558427250777
69,3,for,for,3.0,5.0,7.0,7.01,5.3,5.6,146.84375,0.65625,1.6673087906784687,1.6775158029946518,6.819899016971906,6.578335301580939
69,4,a,a,1.0,3.0,5.0,7.36,7.01,5.3,123.0,0.8125,6.486395463645536,2.0372474883138274,1.6775158029946518,6.819899016971906
69,5,15-day,NUM-day,6.0,1.0,3.0,5.23,7.36,7.01,321.46875,0.125,8.323051591126408,10.165322587772812,2.0372474883138274,1.6775158029946518
69,6,extension,extension,9.0,6.0,1.0,4.46,5.23,7.36,557.09375,0.15625,2.242753540463397,2.362494785785458,10.165322587772812,2.0372474883138274
69,7,Sept.,sept,4.0,9.0,6.0,4.35,4.46,5.23,412.25,0.3125,10.311450806664515,10.902817362095943,2.362494785785458,10.165322587772812
69,8,"30,",NUM,2.0,4.0,9.0,4.93,4.35,4.46,213.3125,0.34375,3.656901515876555,3.659451780568211,10.902817362095943,2.362494785785458
69,9,when,when,4.0,2.0,4.0,6.37,4.93,4.35,209.03125,0.59375,4.252731959874467,4.363680174836205,3.659451780568211,10.902817362095943
69,10,the,the,3.0,4.0,2.0,7.73,6.37,4.93,122.09375,0.625,1.328330181252113,1.4353465454988523,4.363680174836205,3.659451780568211
69,11,financial,financial,9.0,3.0,4.0,5.08,7.73,6.37,323.71875,0.125,4.696800803773677,6.868744795176163,1.4353465454988523,4.363680174836205
69,12,reports,reports,7.0,9.0,3.0,4.9,5.08,7.73,232.6875,0.15625,2.8732809004812623,3.800963092373238,6.868744795176163,1.4353465454988523
69,13,were,were,4.0,7.0,9.0,6.34,4.9,5.08,213.4375,0.09375,2.530092295057649,2.5346062862619263,3.800963092373238,6.868744795176163
69,14,due.,due,3.0,4.0,7.0,5.35,6.34,4.9,36.15625,0.875,0.5683417803352881,1.7438625002606756,2.5346062862619263,3.800963092373238
70,0,According,according,9.0,0.0,0.0,5.28,0.0,0.0,511.78125,0.0,6.736444745090617,7.087868148079478,0.0,0.0
70,1,to,to,2.0,9.0,0.0,7.43,5.28,0.0,93.90625,0.71875,0.0047198865479698,0.0047198865479698,7.087868148079478,0.0
70,2,"analysts,",analysts,8.0,2.0,9.0,3.84,7.43,5.28,448.8125,0.03125,7.064378865576919,8.56461611936853,0.0047198865479698,7.087868148079478
70,3,profits,profits,7.0,8.0,2.0,4.36,3.84,7.43,375.875,0.1875,6.036182107879849,8.858888593227785,8.56461611936853,0.0047198865479698
70,4,were,were,4.0,7.0,8.0,6.34,4.36,3.84,255.40625,0.28125,3.961612262765705,3.973791700674383,8.858888593227785,8.56461611936853
70,5,also,also,4.0,4.0,7.0,6.19,6.34,4.36,283.53125,0.28125,4.384074325138275,4.384668550596846,3.973791700674383,8.858888593227785
70,6,helped,helped,6.0,4.0,4.0,4.88,6.19,6.34,315.6875,0.125,4.9363625923848105,6.223902059351424,4.384668550596846,3.973791700674383
70,7,by,by,2.0,6.0,4.0,6.66,4.88,6.19,80.5625,0.8125,0.1073796535314102,0.1073796535314102,6.223902059351424,4.384668550596846
70,8,successful,successful,10.0,2.0,6.0,4.94,6.66,4.88,461.8125,0.03125,7.209417388086855,8.55820599733665,0.1073796535314102,6.223902059351424
70,9,cost-cutting,cost-cutting,12.0,10.0,2.0,4.52,4.94,6.66,639.65625,0.03125,7.670339878949953,9.009636998821996,8.55820599733665,0.1073796535314102
70,10,measures,measures,8.0,12.0,10.0,4.67,4.52,4.94,431.875,0.09375,1.037728138325832,1.4397877752701405,9.009636998821996,8.55820599733665
70,11,at,at,2.0,8.0,12.0,6.7,4.67,4.52,69.96875,0.8125,3.577627174708354,3.577627174708354,1.4397877752701405,9.009636998821996
70,12,Newsweek.,newsweek,8.0,2.0,8.0,3.14,6.7,4.67,403.9375,0.0625,7.514109158858389,16.834842929923866,3.577627174708354,1.4397877752701405
71,0,Weatherford,weatherford,11.0,0.0,0.0,2.46,0.0,0.0,531.25,0.0,8.362032489087479,17.801437532640268,0.0,0.0
71,1,said,said,4.0,11.0,0.0,6.01,2.46,0.0,226.3125,0.28125,4.383906386576669,4.51387771971979,17.801437532640268,0.0
71,2,market,market,6.0,4.0,11.0,5.29,6.01,2.46,342.375,0.1875,8.974509228914215,11.02147641695186,4.51387771971979,17.801437532640268
71,3,conditions,conditions,10.0,6.0,4.0,4.98,5.29,6.01,384.625,0.09375,1.17984621969525,1.212955472335949,11.02147641695186,4.51387771971979
71,4,led,led,3.0,10.0,6.0,5.11,4.98,5.29,166.84375,0.46875,6.591554914522995,6.593868927564181,1.212955472335949,11.02147641695186
71,5,to,to,2.0,3.0,10.0,7.43,5.11,4.98,91.34375,0.75,0.5133506804703885,0.5133506804703885,6.593868927564181,1.212955472335949
71,6,the,the,3.0,2.0,3.0,7.73,7.43,5.11,91.3125,0.65625,1.5796937457203697,1.595150541175677,0.5133506804703885,6.593868927564181
71,7,cancellation,cancellation,12.0,3.0,2.0,3.76,7.73,7.43,380.21875,0.0,4.207993742235978,4.313178097227272,1.595150541175677,0.5133506804703885
71,8,of,of,2.0,12.0,3.0,7.4,3.76,7.73,102.84375,0.875,0.0517211976810187,0.0517211976810187,4.313178097227272,1.595150541175677
71,9,the,the,3.0,2.0,12.0,7.73,7.4,3.76,114.90625,0.8125,1.4460934439741493,1.4795040191906494,0.0517211976810187,4.313178097227272
71,10,planned,planned,7.0,3.0,2.0,4.69,7.73,7.4,496.71875,0.03125,3.426801302149194,4.139120869314802,1.4795040191906494,0.0517211976810187
71,11,exchange.,exchange,8.0,7.0,3.0,4.85,4.69,7.73,228.6875,0.25,6.865536128248941,10.16614899240998,4.139120869314802,1.4795040191906494
72,0,Weatherford,weatherford,11.0,0.0,0.0,2.46,0.0,0.0,932.03125,0.0,8.362032489087479,17.801437532640268,0.0,0.0
72,1,currently,currently,9.0,11.0,0.0,5.08,2.46,0.0,636.8125,0.0625,8.105802893114522,8.684920250833045,17.801437532640268,0.0
72,2,has,has,3.0,9.0,11.0,6.37,5.08,2.46,144.09375,0.65625,1.2747262215499582,1.2837738899846904,8.684920250833045,17.801437532640268
72,3,approximately,approximately,13.0,3.0,9.0,4.64,6.37,5.08,566.0,0.0625,5.954808235765057,6.062870538200507,1.2837738899846904,8.684920250833045
72,4,11.1,NUM,3.0,13.0,3.0,3.29,4.64,6.37,448.1875,0.28125,7.073747739692493,10.354606949863816,6.062870538200507,1.2837738899846904
72,5,million,million,7.0,3.0,13.0,5.33,3.29,4.64,537.84375,0.15625,0.8735539132185153,1.058229888700808,10.354606949863816,6.062870538200507
72,6,common,common,6.0,7.0,3.0,5.2,5.33,3.29,611.8125,0.09375,6.2912601494309115,9.256563820993698,1.058229888700808,10.354606949863816
72,7,shares,shares,6.0,6.0,7.0,4.6,5.2,5.33,461.25,0.125,4.318998674502424,4.90119713582051,9.256563820993698,1.058229888700808
72,8,outstanding.,outstanding,11.0,6.0,6.0,4.5,4.6,5.2,549.4375,0.03125,2.9944516545666104,3.9198298670450953,4.90119713582051,9.256563820993698
73,0,In,in,2.0,0.0,0.0,7.27,0.0,0.0,208.28125,0.0,4.502609890619972,4.502609890619972,0.0,0.0
73,1,last,last,4.0,2.0,0.0,5.86,7.27,0.0,178.65625,0.78125,7.459599796560711,7.472993385593656,4.502609890619972,0.0
73,2,year's,year's,6.0,4.0,2.0,4.38,5.86,7.27,361.1875,0.3125,1.6738683352600106,1.7129372954828987,7.472993385593656,4.502609890619972
73,3,third,third,5.0,6.0,4.0,5.32,4.38,5.86,257.71875,0.125,6.673029049347164,6.8501957271905525,1.7129372954828987,7.472993385593656
73,4,"quarter,",quarter,7.0,5.0,6.0,4.72,5.32,4.38,210.4375,0.28125,1.7924359246154715,2.2877608463752743,6.8501957271905525,1.7129372954828987
73,5,Lilly,lilly,5.0,7.0,5.0,3.54,4.72,5.32,233.0,0.28125,10.428040000147693,11.549272834032625,2.2877608463752743,6.8501957271905525
73,6,earned,earned,6.0,5.0,7.0,4.55,3.54,4.72,338.40625,0.15625,4.919666384677626,4.9539683858330505,11.549272834032625,2.2877608463752743
73,7,$171.4,$NUM,5.0,6.0,5.0,0.92,4.55,3.54,819.125,0.15625,5.015824670129113,11.594503338171124,4.9539683858330505,11.549272834032625
73,8,"million,",million,7.0,5.0,6.0,5.33,0.92,4.55,238.9375,0.40625,0.0541372250958573,1.41572319200381,11.594503338171124,4.9539683858330505
73,9,or,or,2.0,7.0,5.0,6.54,5.33,0.92,65.5,0.84375,0.9566670464278672,0.9566670464278672,1.41572319200381,11.594503338171124
73,10,$1.20,$NUM,4.0,2.0,7.0,3.0,6.54,5.33,632.15625,0.03125,3.2173269505573927,8.270533352426575,0.9566670464278672,1.41572319200381
73,11,a,a,1.0,4.0,2.0,7.36,3.0,6.54,165.78125,0.53125,1.8858766231446824,1.854687162601607,8.270533352426575,0.9566670464278672
73,12,share.,share,5.0,1.0,4.0,5.2,7.36,3.0,95.875,0.5625,0.0328540271803419,1.747931085669883,1.854687162601607,8.270533352426575
74,0,The,the,3.0,0.0,0.0,7.73,0.0,0.0,208.46875,0.0625,3.1110667518296595,3.2821558427250777,0.0,0.0
74,1,company,company,7.0,3.0,0.0,5.6,7.73,0.0,281.65625,0.21875,5.1406103958444085,6.578335301580939,3.2821558427250777,0.0
74,2,was,was,3.0,7.0,3.0,6.82,5.6,7.73,141.15625,0.5625,3.678638185361899,3.6997230286028806,6.578335301580939,3.2821558427250777
74,3,officially,officially,10.0,3.0,7.0,4.53,6.82,5.6,344.0,0.09375,5.6742407677390325,6.522387306388421,3.6997230286028806,6.578335301580939
74,4,merged,merged,6.0,10.0,3.0,3.67,4.53,6.82,295.84375,0.15625,6.776751283207336,6.829361508229187,6.522387306388421,3.6997230286028806
74,5,with,with,4.0,6.0,10.0,6.85,3.67,4.53,96.5,0.59375,0.7995553932280473,0.8050416386046351,6.829361508229187,6.522387306388421
74,6,Bristol-Myers,bristol-myers,13.0,4.0,6.0,3.55,6.85,3.67,636.09375,0.0,6.207726853086914,8.914562251608057,0.8050416386046351,6.829361508229187
74,7,Co.,co,2.0,13.0,4.0,5.21,3.55,6.85,130.28125,0.59375,17.097363376654357,17.535583446326363,8.914562251608057,0.8050416386046351
74,8,earlier,earlier,7.0,2.0,13.0,4.98,5.21,3.55,279.03125,0.28125,2.788207940733159,2.8073801811928334,17.535583446326363,8.914562251608057
74,9,this,this,4.0,7.0,2.0,6.82,4.98,5.21,146.40625,0.3125,0.0681063927636245,0.0681662812330046,2.8073801811928334,17.535583446326363
74,10,month.,month,5.0,4.0,7.0,5.25,6.82,4.98,94.8125,0.71875,0.9778029429601104,2.2331350880200276,0.0681662812330046,2.8073801811928334
75,0,Revenue,revenue,7.0,0.0,0.0,4.64,0.0,0.0,373.96875,0.03125,7.976723948774322,12.040566348416917,0.0,0.0
75,1,is,is,2.0,7.0,0.0,7.07,4.64,0.0,56.0625,0.78125,3.3039847361656864,3.3039847361656864,12.040566348416917,0.0
75,2,expected,expected,8.0,2.0,7.0,4.96,7.07,4.64,302.9375,0.03125,3.153999968132064,3.184536701107101,3.3039847361656864,12.040566348416917
75,3,to,to,2.0,8.0,2.0,7.43,4.96,7.07,41.6875,0.875,0.013319239194157,0.013319239194157,3.184536701107101,3.3039847361656864
75,4,be,be,2.0,2.0,8.0,6.79,7.43,4.96,166.90625,0.53125,1.5162854252077906,1.5162854252077906,0.013319239194157,3.184536701107101
75,6,"modestly""",modestly,8.0,0.0,2.0,3.06,0.0,6.79,393.9375,0.0625,6.407770684746829,7.524106664330624,0.0,1.5162854252077906
75,7,from,from,4.0,8.0,0.0,6.63,3.06,0.0,172.78125,0.46875,1.7876219722703084,1.7884366443099964,7.524106664330624,0.0
75,8,the,the,3.0,4.0,8.0,7.73,6.63,3.06,71.09375,0.75,1.6078373333411378,1.624727988942432,1.7884366443099964,7.524106664330624
75,9,$26.5,$NUM,4.0,3.0,4.0,2.48,7.73,6.63,498.875,0.125,6.79174334917888,10.160974974544471,1.624727988942432,1.7884366443099964
75,10,million,million,7.0,4.0,3.0,5.33,2.48,7.73,216.84375,0.46875,1.9847969035017456,1.9986506351326128,10.160974974544471,1.624727988942432
75,11,reported,reported,8.0,7.0,4.0,5.0,5.33,2.48,381.6875,0.125,2.994325578585247,3.0294911031344824,1.9986506351326128,10.160974974544471
75,12,a,a,1.0,8.0,7.0,7.36,5.0,5.33,48.5,0.78125,5.3781164497027945,5.163759385806401,3.0294911031344824,1.9986506351326128
75,13,year,year,4.0,1.0,8.0,5.96,7.36,5.0,175.5,0.25,0.2143609730474978,0.214916205080037,5.163759385806401,3.0294911031344824
75,14,ago.,ago,3.0,4.0,1.0,5.42,5.96,7.36,13.9375,0.9375,0.0970008208726866,2.033921242000069,0.214916205080037,5.163759385806401
76,0,They,they,4.0,0.0,0.0,6.5,0.0,0.0,245.90625,0.09375,3.1110667518296595,6.690943882667887,0.0,0.0
76,1,came,came,4.0,4.0,0.0,5.5,6.5,0.0,356.71875,0.3125,4.829628117206284,4.86800877904832,6.690943882667887,0.0
76,2,by,by,2.0,4.0,4.0,6.66,5.5,6.5,207.46875,0.53125,4.793771331038963,4.793771331038963,4.86800877904832,6.690943882667887
76,3,their,their,5.0,2.0,4.0,6.33,6.66,5.5,422.1875,0.28125,2.014107463048763,3.8957558157654297,4.793771331038963,4.86800877904832
76,4,strangeness,strangeness,11.0,5.0,2.0,2.67,6.33,6.66,716.09375,0.03125,5.618836332328723,14.052458267248811,3.8957558157654297,4.793771331038963
76,5,honestly.,honestly,8.0,11.0,5.0,4.69,2.67,6.33,339.8125,0.09375,10.360328038294696,11.962219742766592,14.052458267248811,3.8957558157654297
77,0,I,i,1.0,0.0,0.0,7.09,0.0,0.0,120.09375,0.375,6.833666968410734,4.265033475730419,0.0,0.0
77,1,didn't,didn't,6.0,1.0,0.0,5.68,7.09,0.0,321.15625,0.40625,4.00970011433035,4.586182906654509,4.265033475730419,0.0
77,2,bother,bother,6.0,6.0,1.0,4.39,5.68,7.09,330.09375,0.21875,6.064214303450099,6.109211343751863,4.586182906654509,4.265033475730419
77,3,calling,calling,7.0,6.0,6.0,4.96,4.39,5.68,312.375,0.09375,6.11934832006437,6.259161616060505,6.109211343751863,4.586182906654509
77,4,anybody;,anybody,7.0,7.0,6.0,4.56,4.96,4.39,299.5,0.09375,3.8507139340678194,11.934472783604193,6.259161616060505,6.109211343751863
77,5,I,i,1.0,7.0,7.0,7.09,4.56,4.96,18.125,0.96875,3.336729352202056,1.1508939859931075,11.934472783604193,6.259161616060505
77,6,didn't,didn't,6.0,1.0,7.0,5.68,7.09,4.56,366.78125,0.15625,2.399568409064834,2.566797664365488,1.1508939859931075,11.934472783604193
77,7,even,even,4.0,6.0,1.0,5.99,5.68,7.09,300.875,0.3125,1.625897577589413,1.636510010845754,2.566797664365488,1.1508939859931075
77,8,turn,turn,4.0,4.0,6.0,5.32,5.99,5.68,331.90625,0.21875,6.716645361851292,6.723180311041396,1.636510010845754,2.566797664365488
77,9,on,on,2.0,4.0,4.0,6.91,5.32,5.99,222.0625,0.46875,1.7873347395393822,1.7873347395393822,6.723180311041396,1.636510010845754
77,10,TV.,tv,2.0,2.0,4.0,5.2,6.91,5.32,115.15625,0.71875,6.818770179529892,6.818770179529892,1.7873347395393822,6.723180311041396
78,0,It,it,2.0,0.0,0.0,6.95,0.0,0.0,245.03125,0.0625,5.227143642784391,5.227143642784391,0.0,0.0
78,1,will,will,4.0,2.0,0.0,6.45,6.95,0.0,172.53125,0.78125,4.160879823003682,4.165815465693625,5.227143642784391,0.0
78,2,continue,continue,8.0,4.0,2.0,5.08,6.45,6.95,355.53125,0.21875,5.227091657067607,5.882798418196478,4.165815465693625,5.227143642784391
78,3,to,to,2.0,8.0,4.0,7.43,5.08,6.45,108.4375,0.625,0.3216049655653101,0.3216049655653101,5.882798418196478,4.165815465693625
78,4,trade,trade,5.0,2.0,8.0,5.12,7.43,5.08,307.90625,0.3125,5.965787436854349,8.20975111904211,0.3216049655653101,5.882798418196478
78,5,on,on,2.0,5.0,2.0,6.91,5.12,7.43,152.3125,0.78125,2.4646684749904786,2.4646684749904786,8.20975111904211,0.3216049655653101
78,6,the,the,3.0,2.0,5.0,7.73,6.91,5.12,145.59375,0.6875,1.3529200828086267,1.3844099243303738,2.4646684749904786,8.20975111904211
78,7,International,international,13.0,3.0,2.0,5.36,7.73,6.91,346.25,0.03125,4.429307371580009,5.947718182449691,1.3844099243303738,2.4646684749904786
78,8,Stock,stock,5.0,13.0,3.0,4.93,5.36,7.73,262.84375,0.3125,3.455106083220059,3.4885780841223664,5.947718182449691,1.3844099243303738
78,9,"Exchange,",exchange,8.0,5.0,13.0,4.85,4.93,5.36,362.09375,0.03125,0.0115032108948582,1.8694784315615325,3.4885780841223664,5.947718182449691
78,10,London.,london,6.0,8.0,5.0,5.27,4.85,4.93,185.5,0.1875,7.831132528209345,10.509806528081144,1.8694784315615325,3.4885780841223664
